,Isolate,Medium,plateID,Condition,Location_growth,Location_ATP,Growth,Oxygen_growth,ATP,Oxygen_ATP
0,Pan_oryzae,L_Arabinose,PM01,L_Arabinose-PM01,Extracellular,Extracellular,44.90343607692666,405.2835183018683,1000.0,0.0
1,template,L_Arabinose,PM01,L_Arabinose-PM01,Extracellular,Extracellular,32.81437367258723,284.8804396146361,1000.0,121.92816635160688
2,Aspergillus_oryzae_RIB40_CAoGD,L_Arabinose,PM01,L_Arabinose-PM01,Extracellular,Extracellular,33.213088517520106,284.35650140425156,1000.0,121.92816635160688
3,Aspergillus_oryzae_NRRL_2217,L_Arabinose,PM01,L_Arabinose-PM01,Extracellular,Extracellular,42.851761273447806,412.23765846837614,1000.0,121.92816635160688
4,Aspergillus_oryzae_NRRL_3483,L_Arabinose,PM01,L_Arabinose-PM01,Extracellular,Extracellular,42.82119833711403,412.2468964570422,1000.0,121.92816635160688
5,Aspergillus_oryzae_NRRL_5589,L_Arabinose,PM01,L_Arabinose-PM01,Extracellular,Extracellular,42.821198337113515,413.3859345697896,1000.0,121.92816635160688
6,Aspergillus_oryzae_NRRL_3488,L_Arabinose,PM01,L_Arabinose-PM01,Extracellular,Extracellular,42.8211983371138,413.3859345697898,1000.0,121.92816635160688
7,Aspergillus_oryzae_NRRL_5592,L_Arabinose,PM01,L_Arabinose-PM01,Extracellular,Extracellular,42.8211983371138,413.3859345697898,1000.0,121.92816635160688
8,Aspergillus_oryzae_NRRL_35890,L_Arabinose,PM01,L_Arabinose-PM01,Extracellular,Extracellular,42.851761273447565,413.4195770791839,1000.0,121.92816635160688
9,Aspergillus_oryzae_NRRL_471,L_Arabinose,PM01,L_Arabinose-PM01,Extracellular,Extracellular,42.82119833711392,447.4110514229817,1000.0,121.92816635160688
10,Pan_oryzae,D_Xylose,PM01,D_Xylose-PM01,Extracellular,Extracellular,44.90343607692684,294.05671936078795,1000.0,0.0
11,template,D_Xylose,PM01,D_Xylose-PM01,Extracellular,Extracellular,32.81437367258723,765.4342684135163,1000.0,0.0
12,Aspergillus_oryzae_RIB40_CAoGD,D_Xylose,PM01,D_Xylose-PM01,Extracellular,Extracellular,33.213088517520156,742.8644656748319,1000.0,0.0
13,Aspergillus_oryzae_NRRL_2217,D_Xylose,PM01,D_Xylose-PM01,Extracellular,Extracellular,42.85176127344471,412.1759935787522,1000.0,0.0
14,Aspergillus_oryzae_NRRL_3483,D_Xylose,PM01,D_Xylose-PM01,Extracellular,Extracellular,42.82119833711383,446.85789284415733,1000.0,0.0
15,Aspergillus_oryzae_NRRL_5589,D_Xylose,PM01,D_Xylose-PM01,Extracellular,Extracellular,42.82119833711364,446.85789284415705,1000.0,0.0
16,Aspergillus_oryzae_NRRL_3488,D_Xylose,PM01,D_Xylose-PM01,Extracellular,Extracellular,42.82119833711372,446.85789284415637,1000.0,0.0
17,Aspergillus_oryzae_NRRL_5592,D_Xylose,PM01,D_Xylose-PM01,Extracellular,Extracellular,42.82119833711403,413.39232349258157,1000.0,0.0
18,Aspergillus_oryzae_NRRL_35890,D_Xylose,PM01,D_Xylose-PM01,Extracellular,Extracellular,42.85176127344771,415.4078644491505,1000.0,0.0
19,Aspergillus_oryzae_NRRL_471,D_Xylose,PM01,D_Xylose-PM01,Extracellular,Extracellular,42.821198337114055,413.3789704792101,1000.0,0.0
20,Pan_oryzae,D_Ribose,PM01,D_Ribose-PM01,Extracellular,Extracellular,44.90343607692706,58.78319970916141,1000.0,276.42857142857144
21,template,D_Ribose,PM01,D_Ribose-PM01,Extracellular,Extracellular,32.81437367258737,340.0119165240875,1000.0,276.42857142857144
22,Aspergillus_oryzae_RIB40_CAoGD,D_Ribose,PM01,D_Ribose-PM01,Extracellular,Extracellular,33.21308851751998,347.05143450858327,1000.0,276.42857142857144
23,Aspergillus_oryzae_NRRL_2217,D_Ribose,PM01,D_Ribose-PM01,Extracellular,Extracellular,42.85176127344764,411.8798431517523,1000.0,276.42857142857144
24,Aspergillus_oryzae_NRRL_3483,D_Ribose,PM01,D_Ribose-PM01,Extracellular,Extracellular,42.8211983371138,412.70181440685957,1000.0,276.42857142857144
25,Aspergillus_oryzae_NRRL_5589,D_Ribose,PM01,D_Ribose-PM01,Extracellular,Extracellular,42.82119833711382,412.98989494771064,1000.0,276.42857142857144
26,Aspergillus_oryzae_NRRL_3488,D_Ribose,PM01,D_Ribose-PM01,Extracellular,Extracellular,42.82119833711376,412.98989494771047,1000.0,276.42857142857144
27,Aspergillus_oryzae_NRRL_5592,D_Ribose,PM01,D_Ribose-PM01,Extracellular,Extracellular,42.82119833711376,412.98989494771047,1000.0,276.42857142857144
28,Aspergillus_oryzae_NRRL_35890,D_Ribose,PM01,D_Ribose-PM01,Extracellular,Extracellular,42.85176127344761,413.0234935263148,1000.0,276.42857142857144
29,Aspergillus_oryzae_NRRL_471,D_Ribose,PM01,D_Ribose-PM01,Extracellular,Extracellular,42.8211983371138,412.9898949477105,1000.0,276.42857142857144
30,Pan_oryzae,L_Lyxose,PM01,L_Lyxose-PM01,Extracellular,Extracellular,44.903436076926646,544.5606802841505,1000.0,269.44444444444446
31,template,L_Lyxose,PM01,L_Lyxose-PM01,Extracellular,Extracellular,32.81437367258725,324.0089014907758,1000.0,500.0
32,Aspergillus_oryzae_RIB40_CAoGD,L_Lyxose,PM01,L_Lyxose-PM01,Extracellular,Extracellular,33.21308851752015,284.3565014042513,1000.0,500.0
33,Aspergillus_oryzae_NRRL_2217,L_Lyxose,PM01,L_Lyxose-PM01,Extracellular,Extracellular,42.85176127344767,529.852095438275,1000.0,500.0
34,Aspergillus_oryzae_NRRL_3483,L_Lyxose,PM01,L_Lyxose-PM01,Extracellular,Extracellular,42.82119833711383,523.8465694815596,1000.0,500.0
35,Aspergillus_oryzae_NRRL_5589,L_Lyxose,PM01,L_Lyxose-PM01,Extracellular,Extracellular,42.8211983371138,526.3569392443974,1000.0,500.0
36,Aspergillus_oryzae_NRRL_3488,L_Lyxose,PM01,L_Lyxose-PM01,Extracellular,Extracellular,42.821198337113934,526.3569392443973,1000.0,500.0
37,Aspergillus_oryzae_NRRL_5592,L_Lyxose,PM01,L_Lyxose-PM01,Extracellular,Extracellular,42.8211983371117,525.5507231528198,1000.0,500.0
38,Aspergillus_oryzae_NRRL_35890,L_Lyxose,PM01,L_Lyxose-PM01,Extracellular,Extracellular,42.85176127344762,769.1655563677546,1000.0,500.0
39,Aspergillus_oryzae_NRRL_471,L_Lyxose,PM01,L_Lyxose-PM01,Extracellular,Extracellular,42.82119833711197,525.388961575967,1000.0,500.0
40,Pan_oryzae,Arbutin,PM02A,Arbutin-PM02A,Extracellular,Extracellular,61.096574116990105,817.3259778116501,1000.0,94.375
41,template,Arbutin,PM02A,Arbutin-PM02A,Extracellular,Extracellular,38.46145515931035,1000.0,1000.0,299.04545454545456
42,Aspergillus_oryzae_RIB40_CAoGD,Arbutin,PM02A,Arbutin-PM02A,Extracellular,Extracellular,38.90555754940113,1000.0,1000.0,299.04545454545456
43,Aspergillus_oryzae_NRRL_2217,Arbutin,PM02A,Arbutin-PM02A,Extracellular,Extracellular,44.586587929387306,1000.0,1000.0,299.04545454545456
44,Aspergillus_oryzae_NRRL_3483,Arbutin,PM02A,Arbutin-PM02A,Extracellular,Extracellular,44.412792627532184,1000.0,1000.0,299.04545454545456
45,Aspergillus_oryzae_NRRL_5589,Arbutin,PM02A,Arbutin-PM02A,Extracellular,Extracellular,44.553501213653725,1000.0,1000.0,299.04545454545456
46,Aspergillus_oryzae_NRRL_3488,Arbutin,PM02A,Arbutin-PM02A,Extracellular,Extracellular,44.41279262753206,1000.0,1000.0,299.04545454545456
47,Aspergillus_oryzae_NRRL_5592,Arbutin,PM02A,Arbutin-PM02A,Extracellular,Extracellular,48.52948546938277,1000.0,1000.0,299.04545454545524
48,Aspergillus_oryzae_NRRL_35890,Arbutin,PM02A,Arbutin-PM02A,Extracellular,Extracellular,44.58658792938722,1000.0,1000.0,299.0454545454546
49,Aspergillus_oryzae_NRRL_471,Arbutin,PM02A,Arbutin-PM02A,Extracellular,Extracellular,44.41279262753211,1000.0,1000.0,299.04545454545456
50,Pan_oryzae,Ala_Asp,PM03B,Ala_Asp-PM03B,Extracellular,Extracellular,60.46741041630491,0.0,1000.0,0.0
51,template,Ala_Asp,PM03B,Ala_Asp-PM03B,Extracellular,Extracellular,36.27064477804864,852.7248109325034,1000.0,483.75
52,Aspergillus_oryzae_RIB40_CAoGD,Ala_Asp,PM03B,Ala_Asp-PM03B,Extracellular,Extracellular,36.753726063960826,858.5179430533567,1000.0,483.75000000000006
53,Aspergillus_oryzae_NRRL_2217,Ala_Asp,PM03B,Ala_Asp-PM03B,Extracellular,Extracellular,44.58658792938709,726.1961905050985,1000.0,483.75000000000006
54,Aspergillus_oryzae_NRRL_3483,Ala_Asp,PM03B,Ala_Asp-PM03B,Extracellular,Extracellular,44.412792627531935,426.8348745891149,1000.0,483.75000000000006
55,Aspergillus_oryzae_NRRL_5589,Ala_Asp,PM03B,Ala_Asp-PM03B,Extracellular,Extracellular,44.553501213653746,436.84640629507396,1000.0,483.75000000000006
56,Aspergillus_oryzae_NRRL_3488,Ala_Asp,PM03B,Ala_Asp-PM03B,Extracellular,Extracellular,44.41279262753206,435.5118606114325,1000.0,483.75000000000006
57,Aspergillus_oryzae_NRRL_5592,Ala_Asp,PM03B,Ala_Asp-PM03B,Extracellular,Extracellular,45.95002718467674,431.50159437502833,1000.0,483.75000000000006
58,Aspergillus_oryzae_NRRL_35890,Ala_Asp,PM03B,Ala_Asp-PM03B,Extracellular,Extracellular,44.58658792938715,440.0605334002525,1000.0,483.75000000000006
59,Aspergillus_oryzae_NRRL_471,Ala_Asp,PM03B,Ala_Asp-PM03B,Extracellular,Extracellular,44.412792627532184,474.1723075888216,1000.0,483.75000000000006
60,Pan_oryzae,L_Tryptophan,PM03B,L_Tryptophan-PM03B,Extracellular,Extracellular,61.74225569755293,350.0761046931751,1000.0,147.31970867196245
61,template,L_Tryptophan,PM03B,L_Tryptophan-PM03B,Extracellular,Extracellular,35.53529617939241,601.6823532256698,1000.0,0.0
62,Aspergillus_oryzae_RIB40_CAoGD,L_Tryptophan,PM03B,L_Tryptophan-PM03B,Extracellular,Extracellular,35.91600101395993,609.3297466897479,1000.0,0.0
63,Aspergillus_oryzae_NRRL_2217,L_Tryptophan,PM03B,L_Tryptophan-PM03B,Extracellular,Extracellular,45.96284511775696,972.1259780448768,1000.0,0.0
64,Aspergillus_oryzae_NRRL_3483,L_Tryptophan,PM03B,L_Tryptophan-PM03B,Extracellular,Extracellular,45.77817734433834,971.2445283105816,1000.0,0.0
65,Aspergillus_oryzae_NRRL_5589,L_Tryptophan,PM03B,L_Tryptophan-PM03B,Extracellular,Extracellular,45.927685103438165,977.6555256893637,1000.0,0.0
66,Aspergillus_oryzae_NRRL_3488,L_Tryptophan,PM03B,L_Tryptophan-PM03B,Extracellular,Extracellular,45.77817734433853,973.9855989493669,1000.0,0.0
67,Aspergillus_oryzae_NRRL_5592,L_Tryptophan,PM03B,L_Tryptophan-PM03B,Extracellular,Extracellular,53.7462319143934,1000.0,1000.0,0.0
68,Aspergillus_oryzae_NRRL_35890,L_Tryptophan,PM03B,L_Tryptophan-PM03B,Extracellular,Extracellular,45.96284511775678,1000.0,1000.0,0.0
69,Aspergillus_oryzae_NRRL_471,L_Tryptophan,PM03B,L_Tryptophan-PM03B,Extracellular,Extracellular,45.77817734433836,1000.0,1000.0,0.0
70,Pan_oryzae,Met_Ala,PM03B,Met_Ala-PM03B,Extracellular,Extracellular,46.2697915080298,0.0,1000.0,147.31970867196245
71,template,Met_Ala,PM03B,Met_Ala-PM03B,Extracellular,Extracellular,32.9354442800071,336.1230901777922,1000.0,0.0
72,Aspergillus_oryzae_RIB40_CAoGD,Met_Ala,PM03B,Met_Ala-PM03B,Extracellular,Extracellular,33.330232879989346,337.4508173743553,1000.0,0.0
73,Aspergillus_oryzae_NRRL_2217,Met_Ala,PM03B,Met_Ala-PM03B,Extracellular,Extracellular,43.13418229553514,523.9308071653521,1000.0,0.0
74,Aspergillus_oryzae_NRRL_3483,Met_Ala,PM03B,Met_Ala-PM03B,Extracellular,Extracellular,42.9715046635087,571.5393292309233,1000.0,0.0
75,Aspergillus_oryzae_NRRL_5589,Met_Ala,PM03B,Met_Ala-PM03B,Extracellular,Extracellular,43.1032153178918,538.5560396238993,1000.0,0.0
76,Aspergillus_oryzae_NRRL_3488,Met_Ala,PM03B,Met_Ala-PM03B,Extracellular,Extracellular,42.971504663508554,538.4382237910954,1000.0,0.0
77,Aspergillus_oryzae_NRRL_5592,Met_Ala,PM03B,Met_Ala-PM03B,Extracellular,Extracellular,42.97150466350871,654.1274337482679,1000.0,0.0
78,Aspergillus_oryzae_NRRL_35890,Met_Ala,PM03B,Met_Ala-PM03B,Extracellular,Extracellular,43.13418229553523,619.8276818699492,1000.0,0.0
79,Aspergillus_oryzae_NRRL_471,Met_Ala,PM03B,Met_Ala-PM03B,Extracellular,Extracellular,42.971504663508775,538.438223791094,1000.0,0.0
80,Pan_oryzae,Dihydroxy_Acetone,PM02A,Dihydroxy_Acetone-PM02A,Extracellular,Extracellular,55.24479173278266,0.0,1000.0,0.0
81,template,Dihydroxy_Acetone,PM02A,Dihydroxy_Acetone-PM02A,Extracellular,Extracellular,29.936751867826526,288.47565613709287,1000.0,0.0
82,Aspergillus_oryzae_RIB40_CAoGD,Dihydroxy_Acetone,PM02A,Dihydroxy_Acetone-PM02A,Extracellular,Extracellular,30.30326774512995,289.6075188148586,1000.0,0.0
83,Aspergillus_oryzae_NRRL_2217,Dihydroxy_Acetone,PM02A,Dihydroxy_Acetone-PM02A,Extracellular,Extracellular,48.250107459442575,546.5106451787098,1000.0,0.0
84,Aspergillus_oryzae_NRRL_3483,Dihydroxy_Acetone,PM02A,Dihydroxy_Acetone-PM02A,Extracellular,Extracellular,48.2232773929963,550.4256047402436,1000.0,0.0
85,Aspergillus_oryzae_NRRL_5589,Dihydroxy_Acetone,PM02A,Dihydroxy_Acetone-PM02A,Extracellular,Extracellular,48.13971240055724,546.404229966731,1000.0,0.0
86,Aspergillus_oryzae_NRRL_3488,Dihydroxy_Acetone,PM02A,Dihydroxy_Acetone-PM02A,Extracellular,Extracellular,48.13971240055698,546.4042299667309,1000.0,0.0
87,Aspergillus_oryzae_NRRL_5592,Dihydroxy_Acetone,PM02A,Dihydroxy_Acetone-PM02A,Extracellular,Extracellular,48.139712400559,543.0612112138377,1000.0,0.0
88,Aspergillus_oryzae_NRRL_35890,Dihydroxy_Acetone,PM02A,Dihydroxy_Acetone-PM02A,Extracellular,Extracellular,48.16644953539992,546.4300032024244,1000.0,0.0
89,Aspergillus_oryzae_NRRL_471,Dihydroxy_Acetone,PM02A,Dihydroxy_Acetone-PM02A,Extracellular,Extracellular,48.139712400557116,546.4042299667314,1000.0,0.0
90,Pan_oryzae,L_Rhamnose,PM01,L_Rhamnose-PM01,Extracellular,Extracellular,31.992080314473526,0.0,1000.0,0.0
91,template,L_Rhamnose,PM01,L_Rhamnose-PM01,Extracellular,Extracellular,0.0,0.0,0.0,0.0
92,Aspergillus_oryzae_RIB40_CAoGD,L_Rhamnose,PM01,L_Rhamnose-PM01,Extracellular,Extracellular,15.59270446668541,490.0874852168248,1000.0,169.12061315046387
93,Aspergillus_oryzae_NRRL_2217,L_Rhamnose,PM01,L_Rhamnose-PM01,Extracellular,Extracellular,23.247323495778193,636.8747859465998,1000.0,169.1206131504639
94,Aspergillus_oryzae_NRRL_3483,L_Rhamnose,PM01,L_Rhamnose-PM01,Extracellular,Extracellular,23.233829126446167,497.4763931591108,1000.0,169.1206131504639
95,Aspergillus_oryzae_NRRL_5589,L_Rhamnose,PM01,L_Rhamnose-PM01,Extracellular,Extracellular,23.23382912644652,493.5933016994629,1000.0,169.1206131504639
96,Aspergillus_oryzae_NRRL_3488,L_Rhamnose,PM01,L_Rhamnose-PM01,Extracellular,Extracellular,23.233829126446345,493.5933016994624,1000.0,169.1206131504639
97,Aspergillus_oryzae_NRRL_5592,L_Rhamnose,PM01,L_Rhamnose-PM01,Extracellular,Extracellular,23.233829126446345,493.5933016994624,1000.0,169.1206131504639
98,Aspergillus_oryzae_NRRL_35890,L_Rhamnose,PM01,L_Rhamnose-PM01,Extracellular,Extracellular,23.247323495778303,493.5967031377934,1000.0,169.1206131504639
99,Aspergillus_oryzae_NRRL_471,L_Rhamnose,PM01,L_Rhamnose-PM01,Extracellular,Extracellular,23.233829126446153,502.26589194752444,1000.0,169.1206131504639
100,Pan_oryzae,Agmatine,PM03B,Agmatine-PM03B,Extracellular,Extracellular,54.942204187285576,709.4262997551347,1000.0,147.31970867196245
101,template,Agmatine,PM03B,Agmatine-PM03B,Extracellular,Extracellular,0.0,606.3775510204082,1000.0,276.42857142857144
102,Aspergillus_oryzae_RIB40_CAoGD,Agmatine,PM03B,Agmatine-PM03B,Extracellular,Extracellular,33.53492097159341,876.1204452341942,1000.0,276.42857142857144
103,Aspergillus_oryzae_NRRL_2217,Agmatine,PM03B,Agmatine-PM03B,Extracellular,Extracellular,44.58658792938698,716.1640246049402,1000.0,276.42857142857144
104,Aspergillus_oryzae_NRRL_3483,Agmatine,PM03B,Agmatine-PM03B,Extracellular,Extracellular,0.0,789.8650837880209,1000.0,276.42857142857144
105,Aspergillus_oryzae_NRRL_5589,Agmatine,PM03B,Agmatine-PM03B,Extracellular,Extracellular,44.55350121365373,718.5926141908158,1000.0,276.42857142857144
106,Aspergillus_oryzae_NRRL_3488,Agmatine,PM03B,Agmatine-PM03B,Extracellular,Extracellular,0.0,552.1653543307075,1000.0,276.42857142857144
107,Aspergillus_oryzae_NRRL_5592,Agmatine,PM03B,Agmatine-PM03B,Extracellular,Extracellular,0.0,639.8176291793319,1000.0,276.42857142857144
108,Aspergillus_oryzae_NRRL_35890,Agmatine,PM03B,Agmatine-PM03B,Extracellular,Extracellular,44.58658792938721,464.4408501949595,1000.0,276.42857142857144
109,Aspergillus_oryzae_NRRL_471,Agmatine,PM03B,Agmatine-PM03B,Extracellular,Extracellular,44.41279262753198,433.1810908606436,1000.0,276.42857142857144
110,Pan_oryzae,D_Fructose,PM01,D_Fructose-PM01,Extracellular,Extracellular,46.095572858901214,374.24335776197523,1000.0,0.0
111,template,D_Fructose,PM01,D_Fructose-PM01,Extracellular,Extracellular,32.913117119309085,900.8146677980483,1000.0,121.9281663516068
112,Aspergillus_oryzae_RIB40_CAoGD,D_Fructose,PM01,D_Fructose-PM01,Extracellular,Extracellular,33.31424982859406,875.5405235460601,1000.0,121.9281663516068
113,Aspergillus_oryzae_NRRL_2217,D_Fructose,PM01,D_Fructose-PM01,Extracellular,Extracellular,42.982737788228796,1000.0,1000.0,121.9281663516068
114,Aspergillus_oryzae_NRRL_3483,D_Fructose,PM01,D_Fructose-PM01,Extracellular,Extracellular,42.951987802022046,1000.0,1000.0,121.9281663516068
115,Aspergillus_oryzae_NRRL_5589,D_Fructose,PM01,D_Fructose-PM01,Extracellular,Extracellular,42.951987802022046,1000.0,1000.0,121.9281663516068
116,Aspergillus_oryzae_NRRL_3488,D_Fructose,PM01,D_Fructose-PM01,Extracellular,Extracellular,42.95198780202205,1000.0,1000.0,121.9281663516068
117,Aspergillus_oryzae_NRRL_5592,D_Fructose,PM01,D_Fructose-PM01,Extracellular,Extracellular,42.95198780202205,1000.0,1000.0,121.9281663516068
118,Aspergillus_oryzae_NRRL_35890,D_Fructose,PM01,D_Fructose-PM01,Extracellular,Extracellular,42.98273778822879,1000.0,1000.0,121.9281663516068
119,Aspergillus_oryzae_NRRL_471,D_Fructose,PM01,D_Fructose-PM01,Extracellular,Extracellular,42.951987802022046,1000.0,1000.0,121.9281663516068
120,Pan_oryzae,Tyramine,PM01,Tyramine-PM01,Extracellular,Extracellular,41.53865957255944,1000.0,1000.0,242.5
121,template,Tyramine,PM01,Tyramine-PM01,Extracellular,Extracellular,16.378355111948604,1000.0,1000.0,229.34088365049055
122,Aspergillus_oryzae_RIB40_CAoGD,Tyramine,PM01,Tyramine-PM01,Extracellular,Extracellular,16.68701708312641,1000.0,1000.0,267.60638297872345
123,Aspergillus_oryzae_NRRL_2217,Tyramine,PM01,Tyramine-PM01,Extracellular,Extracellular,22.52739074524713,945.7027143709549,1000.0,267.60638297872345
124,Aspergillus_oryzae_NRRL_3483,Tyramine,PM01,Tyramine-PM01,Extracellular,Extracellular,27.421868225665897,1000.0,1000.0,267.60638297872345
125,Aspergillus_oryzae_NRRL_5589,Tyramine,PM01,Tyramine-PM01,Extracellular,Extracellular,22.514719004895134,862.2845776634999,1000.0,267.60638297872345
126,Aspergillus_oryzae_NRRL_3488,Tyramine,PM01,Tyramine-PM01,Extracellular,Extracellular,22.514719004895134,862.2845776634999,1000.0,267.60638297872345
127,Aspergillus_oryzae_NRRL_5592,Tyramine,PM01,Tyramine-PM01,Extracellular,Extracellular,22.514719004895102,861.7065760447538,1000.0,267.60638297872345
128,Aspergillus_oryzae_NRRL_35890,Tyramine,PM01,Tyramine-PM01,Extracellular,Extracellular,22.527390745247185,861.9863670851477,1000.0,267.60638297872345
129,Aspergillus_oryzae_NRRL_471,Tyramine,PM01,Tyramine-PM01,Extracellular,Extracellular,22.514719004895102,861.7065760447538,1000.0,267.60638297872345
130,Pan_oryzae,Dulcitol,PM01,Dulcitol-PM01,Extracellular,Extracellular,44.9034360769268,0.0,1000.0,0.0
131,template,Dulcitol,PM01,Dulcitol-PM01,Extracellular,Extracellular,32.814373672587344,1000.0,1000.0,276.42857142857144
132,Aspergillus_oryzae_RIB40_CAoGD,Dulcitol,PM01,Dulcitol-PM01,Extracellular,Extracellular,33.213088517520184,1000.0,1000.0,276.42857142857144
133,Aspergillus_oryzae_NRRL_2217,Dulcitol,PM01,Dulcitol-PM01,Extracellular,Extracellular,42.85176127344778,869.2765107604728,1000.0,276.42857142857144
134,Aspergillus_oryzae_NRRL_3483,Dulcitol,PM01,Dulcitol-PM01,Extracellular,Extracellular,42.821198337113884,870.3985221753298,1000.0,276.42857142857144
135,Aspergillus_oryzae_NRRL_5589,Dulcitol,PM01,Dulcitol-PM01,Extracellular,Extracellular,42.821198337113934,860.0596490406126,1000.0,276.42857142857144
136,Aspergillus_oryzae_NRRL_3488,Dulcitol,PM01,Dulcitol-PM01,Extracellular,Extracellular,42.821198337113884,869.8290031189556,1000.0,276.42857142857144
137,Aspergillus_oryzae_NRRL_5592,Dulcitol,PM01,Dulcitol-PM01,Extracellular,Extracellular,42.82119833711363,645.0533041348567,1000.0,276.42857142857144
138,Aspergillus_oryzae_NRRL_35890,Dulcitol,PM01,Dulcitol-PM01,Extracellular,Extracellular,42.85176127344778,630.6714310988423,1000.0,276.42857142857144
139,Aspergillus_oryzae_NRRL_471,Dulcitol,PM01,Dulcitol-PM01,Extracellular,Extracellular,42.82119833711389,632.6939044684175,1000.0,276.42857142857144
140,Pan_oryzae,D_Arabinose,PM02A,D_Arabinose-PM02A,Extracellular,Extracellular,44.90343607692661,257.15800059925647,1000.0,0.0
141,template,D_Arabinose,PM02A,D_Arabinose-PM02A,Extracellular,Extracellular,32.814373672587315,254.9593296317218,1000.0,140.16660630206448
142,Aspergillus_oryzae_RIB40_CAoGD,D_Arabinose,PM02A,D_Arabinose-PM02A,Extracellular,Extracellular,33.21308851752007,254.27302950055105,1000.0,140.16660630206448
143,Aspergillus_oryzae_NRRL_2217,D_Arabinose,PM02A,D_Arabinose-PM02A,Extracellular,Extracellular,42.85176127344783,412.27972599644266,1000.0,140.16660630206448
144,Aspergillus_oryzae_NRRL_3483,D_Arabinose,PM02A,D_Arabinose-PM02A,Extracellular,Extracellular,42.82119833711388,412.16696313524216,1000.0,140.16660630206448
145,Aspergillus_oryzae_NRRL_5589,D_Arabinose,PM02A,D_Arabinose-PM02A,Extracellular,Extracellular,42.821198337113806,413.2271644128792,1000.0,140.16660630206448
146,Aspergillus_oryzae_NRRL_3488,D_Arabinose,PM02A,D_Arabinose-PM02A,Extracellular,Extracellular,42.821198337113735,413.2271644128792,1000.0,140.16660630206448
147,Aspergillus_oryzae_NRRL_5592,D_Arabinose,PM02A,D_Arabinose-PM02A,Extracellular,Extracellular,42.82119833711361,413.2680372490504,1000.0,140.16660630206448
148,Aspergillus_oryzae_NRRL_35890,D_Arabinose,PM02A,D_Arabinose-PM02A,Extracellular,Extracellular,42.85176127344775,457.66809427781965,1000.0,140.16660630206448
149,Aspergillus_oryzae_NRRL_471,D_Arabinose,PM02A,D_Arabinose-PM02A,Extracellular,Extracellular,42.82119833711388,449.47141040292973,1000.0,140.16660630206448
150,Pan_oryzae,Sorbic_Acid,PM02A,Sorbic_Acid-PM02A,Extracellular_Intracellular,Extracellular,0.0,0.0,1000.0,351.8181818181818
151,template,Sorbic_Acid,PM02A,Sorbic_Acid-PM02A,Extracellular_Intracellular,Extracellular,0.0,0.0,0.0,0.0
152,Aspergillus_oryzae_RIB40_CAoGD,Sorbic_Acid,PM02A,Sorbic_Acid-PM02A,Extracellular_Intracellular,Extracellular,0.0,0.0,0.0,0.0
153,Aspergillus_oryzae_NRRL_2217,Sorbic_Acid,PM02A,Sorbic_Acid-PM02A,Extracellular_Intracellular,Extracellular,0.0,0.0,0.0,0.0
154,Aspergillus_oryzae_NRRL_3483,Sorbic_Acid,PM02A,Sorbic_Acid-PM02A,Extracellular_Intracellular,Extracellular,0.0,0.0,0.0,0.0
155,Aspergillus_oryzae_NRRL_5589,Sorbic_Acid,PM02A,Sorbic_Acid-PM02A,Extracellular_Intracellular,Extracellular,0.0,0.0,0.0,0.0
156,Aspergillus_oryzae_NRRL_3488,Sorbic_Acid,PM02A,Sorbic_Acid-PM02A,Extracellular_Intracellular,Extracellular,0.0,0.0,0.0,0.0
157,Aspergillus_oryzae_NRRL_5592,Sorbic_Acid,PM02A,Sorbic_Acid-PM02A,Extracellular_Intracellular,Extracellular,0.0,0.0,0.0,0.0
158,Aspergillus_oryzae_NRRL_35890,Sorbic_Acid,PM02A,Sorbic_Acid-PM02A,Extracellular_Intracellular,Extracellular,0.0,0.0,0.0,0.0
159,Aspergillus_oryzae_NRRL_471,Sorbic_Acid,PM02A,Sorbic_Acid-PM02A,Extracellular_Intracellular,Extracellular,0.0,0.0,0.0,0.0
160,Pan_oryzae,L_Glutamic_Acid,PM03B,L_Glutamic_Acid-PM03B,Extracellular,Extracellular,54.94220418728567,267.7007310285119,1000.0,0.0
161,template,L_Glutamic_Acid,PM03B,L_Glutamic_Acid-PM03B,Extracellular,Extracellular,43.35980001841149,353.6595011420683,1000.0,0.0
162,Aspergillus_oryzae_RIB40_CAoGD,L_Glutamic_Acid,PM03B,L_Glutamic_Acid-PM03B,Extracellular,Extracellular,43.982254502400046,347.48061437396836,1000.0,0.0
163,Aspergillus_oryzae_NRRL_2217,L_Glutamic_Acid,PM03B,L_Glutamic_Acid-PM03B,Extracellular,Extracellular,44.58658792938706,428.48633330007544,1000.0,0.0
164,Aspergillus_oryzae_NRRL_3483,L_Glutamic_Acid,PM03B,L_Glutamic_Acid-PM03B,Extracellular,Extracellular,44.4127926275321,512.4186369885185,1000.0,0.0
165,Aspergillus_oryzae_NRRL_5589,L_Glutamic_Acid,PM03B,L_Glutamic_Acid-PM03B,Extracellular,Extracellular,44.553501213653774,512.6476274506605,1000.0,0.0
166,Aspergillus_oryzae_NRRL_3488,L_Glutamic_Acid,PM03B,L_Glutamic_Acid-PM03B,Extracellular,Extracellular,44.4127926275321,516.5094062312841,1000.0,0.0
167,Aspergillus_oryzae_NRRL_5592,L_Glutamic_Acid,PM03B,L_Glutamic_Acid-PM03B,Extracellular,Extracellular,50.641212215108936,506.333573088991,1000.0,0.0
168,Aspergillus_oryzae_NRRL_35890,L_Glutamic_Acid,PM03B,L_Glutamic_Acid-PM03B,Extracellular,Extracellular,44.58658792938718,447.6726916588425,1000.0,0.0
169,Aspergillus_oryzae_NRRL_471,L_Glutamic_Acid,PM03B,L_Glutamic_Acid-PM03B,Extracellular,Extracellular,44.412792627532156,542.8116691974441,1000.0,0.0
170,Pan_oryzae,N_Acetyl_D_Glucosamine,PM01,N_Acetyl_D_Glucosamine-PM01,Extracellular,Extracellular,47.35319086962791,548.3083972093184,1000.0,552.8571428571429
171,template,N_Acetyl_D_Glucosamine,PM01,N_Acetyl_D_Glucosamine-PM01,Extracellular,Extracellular,37.24160148749964,784.332204818139,1000.0,121.9281663516068
172,Aspergillus_oryzae_RIB40_CAoGD,N_Acetyl_D_Glucosamine,PM01,N_Acetyl_D_Glucosamine-PM01,Extracellular,Extracellular,37.94720725905694,753.0007709820161,1000.0,121.9281663516068
173,Aspergillus_oryzae_NRRL_2217,N_Acetyl_D_Glucosamine,PM01,N_Acetyl_D_Glucosamine-PM01,Extracellular,Extracellular,44.73443249023938,415.44460117840185,1000.0,121.9281663516068
174,Aspergillus_oryzae_NRRL_3483,N_Acetyl_D_Glucosamine,PM01,N_Acetyl_D_Glucosamine-PM01,Extracellular,Extracellular,44.70112606834311,487.856174373979,1000.0,121.9281663516068
175,Aspergillus_oryzae_NRRL_5589,N_Acetyl_D_Glucosamine,PM01,N_Acetyl_D_Glucosamine-PM01,Extracellular,Extracellular,44.70112606834318,490.22061309228854,1000.0,121.9281663516068
176,Aspergillus_oryzae_NRRL_3488,N_Acetyl_D_Glucosamine,PM01,N_Acetyl_D_Glucosamine-PM01,Extracellular,Extracellular,44.70112606834318,490.2206130922886,1000.0,121.9281663516068
177,Aspergillus_oryzae_NRRL_5592,N_Acetyl_D_Glucosamine,PM01,N_Acetyl_D_Glucosamine-PM01,Extracellular,Extracellular,44.70112606834311,416.1499035527633,1000.0,121.9281663516068
178,Aspergillus_oryzae_NRRL_35890,N_Acetyl_D_Glucosamine,PM01,N_Acetyl_D_Glucosamine-PM01,Extracellular,Extracellular,44.73443249023918,416.1881113850832,1000.0,121.9281663516068
179,Aspergillus_oryzae_NRRL_471,N_Acetyl_D_Glucosamine,PM01,N_Acetyl_D_Glucosamine-PM01,Extracellular,Extracellular,44.70112606834318,416.19198837581996,1000.0,121.9281663516068
180,Pan_oryzae,D_Sorbitol,PM01,D_Sorbitol-PM01,Extracellular,Extracellular,46.095572858901264,0.0,1000.0,0.0
181,template,D_Sorbitol,PM01,D_Sorbitol-PM01,Extracellular,Extracellular,32.9131171193094,392.84166025076854,1000.0,314.82029285608655
182,Aspergillus_oryzae_RIB40_CAoGD,D_Sorbitol,PM01,D_Sorbitol-PM01,Extracellular,Extracellular,33.31424982859407,375.0826174019469,1000.0,314.8202928560864
183,Aspergillus_oryzae_NRRL_2217,D_Sorbitol,PM01,D_Sorbitol-PM01,Extracellular,Extracellular,42.98273778822873,523.8978418074587,1000.0,314.8202928560864
184,Aspergillus_oryzae_NRRL_3483,D_Sorbitol,PM01,D_Sorbitol-PM01,Extracellular,Extracellular,42.951987802022316,526.3750935544036,1000.0,314.8202928560864
185,Aspergillus_oryzae_NRRL_5589,D_Sorbitol,PM01,D_Sorbitol-PM01,Extracellular,Extracellular,42.95198780202209,527.358608987613,1000.0,314.8202928560864
186,Aspergillus_oryzae_NRRL_3488,D_Sorbitol,PM01,D_Sorbitol-PM01,Extracellular,Extracellular,42.95198780202225,527.3586089876129,1000.0,314.8202928560864
187,Aspergillus_oryzae_NRRL_5592,D_Sorbitol,PM01,D_Sorbitol-PM01,Extracellular,Extracellular,42.95198780202225,527.3586089876129,1000.0,314.8202928560864
188,Aspergillus_oryzae_NRRL_35890,D_Sorbitol,PM01,D_Sorbitol-PM01,Extracellular,Extracellular,42.982737788228846,527.399123375739,1000.0,314.8202928560864
189,Aspergillus_oryzae_NRRL_471,D_Sorbitol,PM01,D_Sorbitol-PM01,Extracellular,Extracellular,42.95198780202218,527.358608987613,1000.0,314.8202928560864
190,Pan_oryzae,m_Hydroxy_Phenylacetic_Acid,PM01,m_Hydroxy_Phenylacetic_Acid-PM01,Extracellular,Extracellular,40.18049683322004,928.7942072066088,1000.0,175.9090909090909
191,template,m_Hydroxy_Phenylacetic_Acid,PM01,m_Hydroxy_Phenylacetic_Acid-PM01,Extracellular,Extracellular,15.04320995556309,704.5033029788557,1000.0,233.51316816923406
192,Aspergillus_oryzae_RIB40_CAoGD,m_Hydroxy_Phenylacetic_Acid,PM01,m_Hydroxy_Phenylacetic_Acid-PM01,Extracellular,Extracellular,15.335486171722055,710.7644589098633,1000.0,233.51316816923406
193,Aspergillus_oryzae_NRRL_2217,m_Hydroxy_Phenylacetic_Acid,PM01,m_Hydroxy_Phenylacetic_Acid-PM01,Extracellular,Extracellular,22.237444632166046,872.1538122482697,1000.0,233.51316816923406
194,Aspergillus_oryzae_NRRL_3483,m_Hydroxy_Phenylacetic_Acid,PM01,m_Hydroxy_Phenylacetic_Acid-PM01,Extracellular,Extracellular,27.192587244031145,996.6188309957281,1000.0,233.51316816923406
195,Aspergillus_oryzae_NRRL_5589,m_Hydroxy_Phenylacetic_Acid,PM01,m_Hydroxy_Phenylacetic_Acid-PM01,Extracellular,Extracellular,22.225096894756106,929.8439450033741,1000.0,233.51316816923406
196,Aspergillus_oryzae_NRRL_3488,m_Hydroxy_Phenylacetic_Acid,PM01,m_Hydroxy_Phenylacetic_Acid-PM01,Extracellular,Extracellular,22.225096894756106,929.8439450033741,1000.0,233.51316816923406
197,Aspergillus_oryzae_NRRL_5592,m_Hydroxy_Phenylacetic_Acid,PM01,m_Hydroxy_Phenylacetic_Acid-PM01,Extracellular,Extracellular,22.225096894756106,929.8439450033741,1000.0,233.51316816923406
198,Aspergillus_oryzae_NRRL_35890,m_Hydroxy_Phenylacetic_Acid,PM01,m_Hydroxy_Phenylacetic_Acid-PM01,Extracellular,Extracellular,22.237444632166167,930.111692384264,1000.0,233.51316816923406
199,Aspergillus_oryzae_NRRL_471,m_Hydroxy_Phenylacetic_Acid,PM01,m_Hydroxy_Phenylacetic_Acid-PM01,Extracellular,Extracellular,22.225096894756117,929.8439450033741,1000.0,233.51316816923406
200,Pan_oryzae,D_Raffinose,PM02A,D_Raffinose-PM02A,Extracellular,Extracellular,46.09557285890128,53.091383117446355,1000.0,251.7891997397528
201,template,D_Raffinose,PM02A,D_Raffinose-PM02A,Extracellular,Extracellular,32.91311711930872,284.9599059617043,1000.0,163.01600673967985
202,Aspergillus_oryzae_RIB40_CAoGD,D_Raffinose,PM02A,D_Raffinose-PM02A,Extracellular,Extracellular,33.314249828594214,284.4353404323317,1000.0,163.01600673967985
203,Aspergillus_oryzae_NRRL_2217,D_Raffinose,PM02A,D_Raffinose-PM02A,Extracellular,Extracellular,42.98273778822901,412.42041596829404,1000.0,163.01600673967985
204,Aspergillus_oryzae_NRRL_3483,D_Raffinose,PM02A,D_Raffinose-PM02A,Extracellular,Extracellular,42.951987802022465,412.38738550706165,1000.0,163.01600673967985
205,Aspergillus_oryzae_NRRL_5589,D_Raffinose,PM02A,D_Raffinose-PM02A,Extracellular,Extracellular,42.951987802022245,413.5299026019737,1000.0,163.01600673967985
206,Aspergillus_oryzae_NRRL_3488,D_Raffinose,PM02A,D_Raffinose-PM02A,Extracellular,Extracellular,42.95198780202224,413.5299026019737,1000.0,163.01600673967985
207,Aspergillus_oryzae_NRRL_5592,D_Raffinose,PM02A,D_Raffinose-PM02A,Extracellular,Extracellular,42.95198780202224,413.5299026019737,1000.0,163.01600673967985
208,Aspergillus_oryzae_NRRL_35890,D_Raffinose,PM02A,D_Raffinose-PM02A,Extracellular,Extracellular,42.98273778822926,413.56375100870076,1000.0,163.01600673967985
209,Aspergillus_oryzae_NRRL_471,D_Raffinose,PM02A,D_Raffinose-PM02A,Extracellular,Extracellular,42.95198780202228,413.5299026019738,1000.0,163.01600673967985
210,Pan_oryzae,L_Ornithine,PM02A,L_Ornithine-PM02A,Extracellular,Extracellular,36.365253385036944,536.0876710362795,1000.0,276.42857142857144
211,template,L_Ornithine,PM02A,L_Ornithine-PM02A,Extracellular,Extracellular,0.0,0.0,0.0,0.0
212,Aspergillus_oryzae_RIB40_CAoGD,L_Ornithine,PM02A,L_Ornithine-PM02A,Extracellular,Extracellular,16.03129730290351,1000.0,1000.0,753.9192399049881
213,Aspergillus_oryzae_NRRL_2217,L_Ornithine,PM02A,L_Ornithine-PM02A,Extracellular,Extracellular,26.302550370688248,763.3543941806918,1000.0,753.9192399049881
214,Aspergillus_oryzae_NRRL_3483,L_Ornithine,PM02A,L_Ornithine-PM02A,Extracellular,Extracellular,26.285277311289857,772.1745131351325,1000.0,485.8553732842317
215,Aspergillus_oryzae_NRRL_5589,L_Ornithine,PM02A,L_Ornithine-PM02A,Extracellular,Extracellular,24.790215475943054,496.53206637898717,1000.0,617.5062685206293
216,Aspergillus_oryzae_NRRL_3488,L_Ornithine,PM02A,L_Ornithine-PM02A,Extracellular,Extracellular,0.0,0.0,0.0,0.0
217,Aspergillus_oryzae_NRRL_5592,L_Ornithine,PM02A,L_Ornithine-PM02A,Extracellular,Extracellular,0.0,0.0,0.0,0.0
218,Aspergillus_oryzae_NRRL_35890,L_Ornithine,PM02A,L_Ornithine-PM02A,Extracellular,Extracellular,24.804721254296922,1000.0,1000.0,439.77272727272725
219,Aspergillus_oryzae_NRRL_471,L_Ornithine,PM02A,L_Ornithine-PM02A,Extracellular,Extracellular,24.79021547594309,542.9130816736842,1000.0,439.77272727272725
220,Pan_oryzae,L_Norvaline,PM03B,L_Norvaline-PM03B,Extracellular,Extracellular,51.951079330119626,596.3163305659335,1000.0,173.1698586003222
221,template,L_Norvaline,PM03B,L_Norvaline-PM03B,Extracellular,Extracellular,37.187101691910705,882.5774594044573,1000.0,161.83440200724843
222,Aspergillus_oryzae_RIB40_CAoGD,L_Norvaline,PM03B,L_Norvaline-PM03B,Extracellular,Extracellular,37.821528826013065,885.1202335785217,1000.0,161.83440200724843
223,Aspergillus_oryzae_NRRL_2217,L_Norvaline,PM03B,L_Norvaline-PM03B,Extracellular,Extracellular,44.586587929387264,762.4161783013569,1000.0,161.83440200724843
224,Aspergillus_oryzae_NRRL_3483,L_Norvaline,PM03B,L_Norvaline-PM03B,Extracellular,Extracellular,44.41279262753215,1000.0,1000.0,161.83440200724843
225,Aspergillus_oryzae_NRRL_5589,L_Norvaline,PM03B,L_Norvaline-PM03B,Extracellular,Extracellular,44.5535012136537,723.4507192439823,1000.0,161.83440200724843
226,Aspergillus_oryzae_NRRL_3488,L_Norvaline,PM03B,L_Norvaline-PM03B,Extracellular,Extracellular,44.412792627532,758.7066021020537,1000.0,161.83440200724843
227,Aspergillus_oryzae_NRRL_5592,L_Norvaline,PM03B,L_Norvaline-PM03B,Extracellular,Extracellular,48.19578528733996,729.5124541964469,1000.0,161.83440200724843
228,Aspergillus_oryzae_NRRL_35890,L_Norvaline,PM03B,L_Norvaline-PM03B,Extracellular,Extracellular,44.58658792938721,963.9854333842577,1000.0,161.83440200724843
229,Aspergillus_oryzae_NRRL_471,L_Norvaline,PM03B,L_Norvaline-PM03B,Extracellular,Extracellular,44.41279262753212,644.3777721229577,1000.0,161.83440200724843
230,Pan_oryzae,b_Gentiobiose,PM02A,b_Gentiobiose-PM02A,Extracellular,Extracellular,46.09557285890114,0.0,1000.0,276.42857142857144
231,template,b_Gentiobiose,PM02A,b_Gentiobiose-PM02A,Extracellular,Extracellular,32.81437367258728,1000.0,1000.0,276.42857142857144
232,Aspergillus_oryzae_RIB40_CAoGD,b_Gentiobiose,PM02A,b_Gentiobiose-PM02A,Extracellular,Extracellular,33.21308851752016,1000.0,1000.0,276.42857142857144
233,Aspergillus_oryzae_NRRL_2217,b_Gentiobiose,PM02A,b_Gentiobiose-PM02A,Extracellular,Extracellular,42.982737788228995,837.7215217163923,1000.0,276.42857142857144
234,Aspergillus_oryzae_NRRL_3483,b_Gentiobiose,PM02A,b_Gentiobiose-PM02A,Extracellular,Extracellular,42.82119833711389,1000.0,1000.0,276.42857142857144
235,Aspergillus_oryzae_NRRL_5589,b_Gentiobiose,PM02A,b_Gentiobiose-PM02A,Extracellular,Extracellular,42.951987802022316,1000.0,1000.0,276.42857142857144
236,Aspergillus_oryzae_NRRL_3488,b_Gentiobiose,PM02A,b_Gentiobiose-PM02A,Extracellular,Extracellular,42.821198337113884,1000.0,1000.0,276.42857142857144
237,Aspergillus_oryzae_NRRL_5592,b_Gentiobiose,PM02A,b_Gentiobiose-PM02A,Extracellular,Extracellular,42.82119833711375,1000.0,1000.0,276.42857142857144
238,Aspergillus_oryzae_NRRL_35890,b_Gentiobiose,PM02A,b_Gentiobiose-PM02A,Extracellular,Extracellular,42.98273778822894,1000.0,1000.0,276.42857142857144
239,Aspergillus_oryzae_NRRL_471,b_Gentiobiose,PM02A,b_Gentiobiose-PM02A,Extracellular,Extracellular,42.821198337113515,1000.0,1000.0,276.42857142857144
240,Pan_oryzae,Palatinose,PM02A,Palatinose-PM02A,Extracellular,Extracellular,46.09557285890121,0.0,1000.0,0.0
241,template,Palatinose,PM02A,Palatinose-PM02A,Extracellular,Extracellular,32.91311711930889,275.40219410600025,1000.0,163.01600673967985
242,Aspergillus_oryzae_RIB40_CAoGD,Palatinose,PM02A,Palatinose-PM02A,Extracellular,Extracellular,33.314249828594185,254.11645543294594,1000.0,163.01600673967985
243,Aspergillus_oryzae_NRRL_2217,Palatinose,PM02A,Palatinose-PM02A,Extracellular,Extracellular,42.98273778822898,412.0987441029173,1000.0,163.01600673967985
244,Aspergillus_oryzae_NRRL_3483,Palatinose,PM02A,Palatinose-PM02A,Extracellular,Extracellular,42.9519878020223,411.5690854693497,1000.0,163.01600673967985
245,Aspergillus_oryzae_NRRL_5589,Palatinose,PM02A,Palatinose-PM02A,Extracellular,Extracellular,42.951987802022316,412.65417145193896,1000.0,163.01600673967985
246,Aspergillus_oryzae_NRRL_3488,Palatinose,PM02A,Palatinose-PM02A,Extracellular,Extracellular,42.951987802022316,412.65417145193896,1000.0,163.01600673967985
247,Aspergillus_oryzae_NRRL_5592,Palatinose,PM02A,Palatinose-PM02A,Extracellular,Extracellular,42.951987802022316,412.65417145193896,1000.0,163.01600673967985
248,Aspergillus_oryzae_NRRL_35890,Palatinose,PM02A,Palatinose-PM02A,Extracellular,Extracellular,42.98273778822899,412.6883443387621,1000.0,163.01600673967985
249,Aspergillus_oryzae_NRRL_471,Palatinose,PM02A,Palatinose-PM02A,Extracellular,Extracellular,42.9519878020223,425.9320785614675,1000.0,163.01600673967985
250,Pan_oryzae,Turanose,PM02A,Turanose-PM02A,Extracellular,Extracellular,46.09557285890121,0.0,1000.0,0.0
251,template,Turanose,PM02A,Turanose-PM02A,Extracellular,Extracellular,32.91311711930889,275.40219410600025,1000.0,163.01600673967985
252,Aspergillus_oryzae_RIB40_CAoGD,Turanose,PM02A,Turanose-PM02A,Extracellular,Extracellular,33.314249828594185,254.11645543294594,1000.0,163.01600673967985
253,Aspergillus_oryzae_NRRL_2217,Turanose,PM02A,Turanose-PM02A,Extracellular,Extracellular,42.98273778822898,412.0987441029173,1000.0,163.01600673967985
254,Aspergillus_oryzae_NRRL_3483,Turanose,PM02A,Turanose-PM02A,Extracellular,Extracellular,42.9519878020223,411.5690854693497,1000.0,163.01600673967985
255,Aspergillus_oryzae_NRRL_5589,Turanose,PM02A,Turanose-PM02A,Extracellular,Extracellular,42.951987802022316,412.65417145193896,1000.0,163.01600673967985
256,Aspergillus_oryzae_NRRL_3488,Turanose,PM02A,Turanose-PM02A,Extracellular,Extracellular,42.951987802022316,412.65417145193896,1000.0,163.01600673967985
257,Aspergillus_oryzae_NRRL_5592,Turanose,PM02A,Turanose-PM02A,Extracellular,Extracellular,42.951987802022316,412.65417145193896,1000.0,163.01600673967985
258,Aspergillus_oryzae_NRRL_35890,Turanose,PM02A,Turanose-PM02A,Extracellular,Extracellular,42.98273778822899,412.6883443387621,1000.0,163.01600673967985
259,Aspergillus_oryzae_NRRL_471,Turanose,PM02A,Turanose-PM02A,Extracellular,Extracellular,42.9519878020223,425.9320785614675,1000.0,163.01600673967985
260,Pan_oryzae,D_Mannitol,PM01,D_Mannitol-PM01,Extracellular,Extracellular,46.09557285890124,229.05573224851884,1000.0,0.0
261,template,D_Mannitol,PM01,D_Mannitol-PM01,Extracellular,Extracellular,32.913117119309085,434.56380509776244,1000.0,177.52293577981652
262,Aspergillus_oryzae_RIB40_CAoGD,D_Mannitol,PM01,D_Mannitol-PM01,Extracellular,Extracellular,33.31424982859417,416.8397321387073,1000.0,175.90909090909093
263,Aspergillus_oryzae_NRRL_2217,D_Mannitol,PM01,D_Mannitol-PM01,Extracellular,Extracellular,42.98273778822899,412.0846657937134,1000.0,175.90909090909093
264,Aspergillus_oryzae_NRRL_3483,D_Mannitol,PM01,D_Mannitol-PM01,Extracellular,Extracellular,42.95198780202226,509.16216193481284,1000.0,175.90909090909093
265,Aspergillus_oryzae_NRRL_5589,D_Mannitol,PM01,D_Mannitol-PM01,Extracellular,Extracellular,42.95198780202217,507.47464992646616,1000.0,175.90909090909093
266,Aspergillus_oryzae_NRRL_3488,D_Mannitol,PM01,D_Mannitol-PM01,Extracellular,Extracellular,42.95198780202232,507.4746499264663,1000.0,175.90909090909093
267,Aspergillus_oryzae_NRRL_5592,D_Mannitol,PM01,D_Mannitol-PM01,Extracellular,Extracellular,42.95198780202232,507.4746499264663,1000.0,175.90909090909093
268,Aspergillus_oryzae_NRRL_35890,D_Mannitol,PM01,D_Mannitol-PM01,Extracellular,Extracellular,42.98273778822899,507.50969032427884,1000.0,175.90909090909093
269,Aspergillus_oryzae_NRRL_471,D_Mannitol,PM01,D_Mannitol-PM01,Extracellular,Extracellular,42.95198780202232,507.4746499264663,1000.0,175.90909090909093
270,Pan_oryzae,D_Cellobiose,PM01,D_Cellobiose-PM01,Extracellular,Extracellular,46.095572858901214,467.3607143786142,1000.0,276.42857142857144
271,template,D_Cellobiose,PM01,D_Cellobiose-PM01,Extracellular,Extracellular,33.89735839094779,1000.0,1000.0,276.42857142857144
272,Aspergillus_oryzae_RIB40_CAoGD,D_Cellobiose,PM01,D_Cellobiose-PM01,Extracellular,Extracellular,34.32299607265989,1000.0,1000.0,276.42857142857144
273,Aspergillus_oryzae_NRRL_2217,D_Cellobiose,PM01,D_Cellobiose-PM01,Extracellular,Extracellular,44.428867338703924,765.2172586451501,1000.0,276.42857142857144
274,Aspergillus_oryzae_NRRL_3483,D_Cellobiose,PM01,D_Cellobiose-PM01,Extracellular,Extracellular,44.256297049579935,1000.0,1000.0,276.42857142857144
275,Aspergillus_oryzae_NRRL_5589,D_Cellobiose,PM01,D_Cellobiose-PM01,Extracellular,Extracellular,44.39601420459778,1000.0,1000.0,276.42857142857144
276,Aspergillus_oryzae_NRRL_3488,D_Cellobiose,PM01,D_Cellobiose-PM01,Extracellular,Extracellular,44.25629704957887,1000.0,1000.0,276.42857142857144
277,Aspergillus_oryzae_NRRL_5592,D_Cellobiose,PM01,D_Cellobiose-PM01,Extracellular,Extracellular,44.25629704958271,1000.0,1000.0,276.42857142857144
278,Aspergillus_oryzae_NRRL_35890,D_Cellobiose,PM01,D_Cellobiose-PM01,Extracellular,Extracellular,44.42886733870406,769.8709209617246,1000.0,276.42857142857144
279,Aspergillus_oryzae_NRRL_471,D_Cellobiose,PM01,D_Cellobiose-PM01,Extracellular,Extracellular,44.2562970495827,769.7937384724812,1000.0,276.42857142857144
280,Pan_oryzae,p_Hydroxy_Phenylacetic_Acid,PM01,p_Hydroxy_Phenylacetic_Acid-PM01,Extracellular,Extracellular,40.83611078771107,935.0284154384472,1000.0,0.0
281,template,p_Hydroxy_Phenylacetic_Acid,PM01,p_Hydroxy_Phenylacetic_Acid-PM01,Extracellular,Extracellular,16.378355111948665,884.6970332473957,1000.0,231.15842732159786
282,Aspergillus_oryzae_RIB40_CAoGD,p_Hydroxy_Phenylacetic_Acid,PM01,p_Hydroxy_Phenylacetic_Acid-PM01,Extracellular,Extracellular,16.687017083126392,887.5037966336367,1000.0,231.158427321598
283,Aspergillus_oryzae_NRRL_2217,p_Hydroxy_Phenylacetic_Acid,PM01,p_Hydroxy_Phenylacetic_Acid-PM01,Extracellular,Extracellular,22.527390745247185,945.7027143709546,1000.0,231.158427321598
284,Aspergillus_oryzae_NRRL_3483,p_Hydroxy_Phenylacetic_Acid,PM01,p_Hydroxy_Phenylacetic_Acid-PM01,Extracellular,Extracellular,27.421868225665943,1000.0,1000.0,231.158427321598
285,Aspergillus_oryzae_NRRL_5589,p_Hydroxy_Phenylacetic_Acid,PM01,p_Hydroxy_Phenylacetic_Acid-PM01,Extracellular,Extracellular,22.514719004895138,974.8417939602699,1000.0,231.158427321598
286,Aspergillus_oryzae_NRRL_3488,p_Hydroxy_Phenylacetic_Acid,PM01,p_Hydroxy_Phenylacetic_Acid-PM01,Extracellular,Extracellular,22.514719004895138,974.8417939602699,1000.0,231.158427321598
287,Aspergillus_oryzae_NRRL_5592,p_Hydroxy_Phenylacetic_Acid,PM01,p_Hydroxy_Phenylacetic_Acid-PM01,Extracellular,Extracellular,22.514719004895138,974.8417939602699,1000.0,231.158427321598
288,Aspergillus_oryzae_NRRL_35890,p_Hydroxy_Phenylacetic_Acid,PM01,p_Hydroxy_Phenylacetic_Acid-PM01,Extracellular,Extracellular,22.527390745247253,977.2404612472135,1000.0,231.158427321598
289,Aspergillus_oryzae_NRRL_471,p_Hydroxy_Phenylacetic_Acid,PM01,p_Hydroxy_Phenylacetic_Acid-PM01,Extracellular,Extracellular,22.514719004895277,976.6907598847068,1000.0,231.158427321598
290,Pan_oryzae,b_Cyclodextrin,PM02A,b_Cyclodextrin-PM02A,Extracellular,Extracellular,46.0955728589013,0.0,1000.0,0.0
291,template,b_Cyclodextrin,PM02A,b_Cyclodextrin-PM02A,Extracellular,Extracellular,32.814373672587365,768.6996613596698,1000.0,0.0
292,Aspergillus_oryzae_RIB40_CAoGD,b_Cyclodextrin,PM02A,b_Cyclodextrin-PM02A,Extracellular,Extracellular,33.21308851752013,753.1555692416064,1000.0,0.0
293,Aspergillus_oryzae_NRRL_2217,b_Cyclodextrin,PM02A,b_Cyclodextrin-PM02A,Extracellular,Extracellular,42.98273778822892,730.1341303539762,1000.0,0.0
294,Aspergillus_oryzae_NRRL_3483,b_Cyclodextrin,PM02A,b_Cyclodextrin-PM02A,Extracellular,Extracellular,42.821198337114176,755.9927888580726,1000.0,0.0
295,Aspergillus_oryzae_NRRL_5589,b_Cyclodextrin,PM02A,b_Cyclodextrin-PM02A,Extracellular,Extracellular,42.95198780202218,748.172272476435,1000.0,0.0
296,Aspergillus_oryzae_NRRL_3488,b_Cyclodextrin,PM02A,b_Cyclodextrin-PM02A,Extracellular,Extracellular,42.82119833711375,599.225857309625,1000.0,0.0
297,Aspergillus_oryzae_NRRL_5592,b_Cyclodextrin,PM02A,b_Cyclodextrin-PM02A,Extracellular,Extracellular,42.82119833711197,599.2258573096196,1000.0,0.0
298,Aspergillus_oryzae_NRRL_35890,b_Cyclodextrin,PM02A,b_Cyclodextrin-PM02A,Extracellular,Extracellular,42.98273778822865,603.4168170317809,1000.0,0.0
299,Aspergillus_oryzae_NRRL_471,b_Cyclodextrin,PM02A,b_Cyclodextrin-PM02A,Extracellular,Extracellular,42.82119833711395,413.95761127410987,1000.0,0.0
300,Pan_oryzae,Glycerol,PM01,Glycerol-PM01,Extracellular,Extracellular,55.24479173278258,0.0,1000.0,122.93519695044472
301,template,Glycerol,PM01,Glycerol-PM01,Extracellular,Extracellular,29.93675186782864,440.46226466435706,1000.0,0.0
302,Aspergillus_oryzae_RIB40_CAoGD,Glycerol,PM01,Glycerol-PM01,Extracellular,Extracellular,30.303267745129908,439.6296991246975,1000.0,0.0
303,Aspergillus_oryzae_NRRL_2217,Glycerol,PM01,Glycerol-PM01,Extracellular,Extracellular,47.743369642296685,542.7836006397362,1000.0,0.0
304,Aspergillus_oryzae_NRRL_3483,Glycerol,PM01,Glycerol-PM01,Extracellular,Extracellular,47.72266994716457,542.7571756202941,1000.0,0.0
305,Aspergillus_oryzae_NRRL_5589,Glycerol,PM01,Glycerol-PM01,Extracellular,Extracellular,47.65463592376153,544.1423259037132,1000.0,0.0
306,Aspergillus_oryzae_NRRL_3488,Glycerol,PM01,Glycerol-PM01,Extracellular,Extracellular,47.65463592376157,544.1423259037131,1000.0,0.0
307,Aspergillus_oryzae_NRRL_5592,Glycerol,PM01,Glycerol-PM01,Extracellular,Extracellular,47.6546359237614,542.6858899753155,1000.0,0.0
308,Aspergillus_oryzae_NRRL_35890,Glycerol,PM01,Glycerol-PM01,Extracellular,Extracellular,47.67527662872143,542.8062997242428,1000.0,0.0
309,Aspergillus_oryzae_NRRL_471,Glycerol,PM01,Glycerol-PM01,Extracellular,Extracellular,47.654635923761504,542.6858899753157,1000.0,0.0
310,Pan_oryzae,Putrescine,PM03B,Putrescine-PM03B,Extracellular,Extracellular,54.94220418728571,483.49637369171194,1000.0,62.92682926829278
311,template,Putrescine,PM03B,Putrescine-PM03B,Extracellular,Extracellular,0.0,23.125,1000.0,175.9090909090909
312,Aspergillus_oryzae_RIB40_CAoGD,Putrescine,PM03B,Putrescine-PM03B,Extracellular,Extracellular,34.85342759924786,878.7471412539996,1000.0,175.9090909090909
313,Aspergillus_oryzae_NRRL_2217,Putrescine,PM03B,Putrescine-PM03B,Extracellular,Extracellular,44.586587929387306,541.5814496213912,1000.0,175.9090909090909
314,Aspergillus_oryzae_NRRL_3483,Putrescine,PM03B,Putrescine-PM03B,Extracellular,Extracellular,0.0,466.25000000000006,1000.0,175.9090909090909
315,Aspergillus_oryzae_NRRL_5589,Putrescine,PM03B,Putrescine-PM03B,Extracellular,Extracellular,44.553501213653746,542.9473051051608,1000.0,175.9090909090909
316,Aspergillus_oryzae_NRRL_3488,Putrescine,PM03B,Putrescine-PM03B,Extracellular,Extracellular,0.0,500.0,1000.0,175.9090909090909
317,Aspergillus_oryzae_NRRL_5592,Putrescine,PM03B,Putrescine-PM03B,Extracellular,Extracellular,0.0,583.3333333333333,1000.0,175.9090909090909
318,Aspergillus_oryzae_NRRL_35890,Putrescine,PM03B,Putrescine-PM03B,Extracellular,Extracellular,44.586587929387164,599.2975378738644,1000.0,175.9090909090909
319,Aspergillus_oryzae_NRRL_471,Putrescine,PM03B,Putrescine-PM03B,Extracellular,Extracellular,44.41279262753161,790.74968209659,1000.0,175.9090909090909
320,Pan_oryzae,Adonitol,PM01,Adonitol-PM01,Extracellular,Extracellular,44.90343607692673,0.0,1000.0,276.42857142857144
321,template,Adonitol,PM01,Adonitol-PM01,Extracellular,Extracellular,32.8143736725874,719.1818402248753,1000.0,138.85898815931102
322,Aspergillus_oryzae_RIB40_CAoGD,Adonitol,PM01,Adonitol-PM01,Extracellular,Extracellular,33.213088517520106,694.5682232567711,1000.0,121.92816635160676
323,Aspergillus_oryzae_NRRL_2217,Adonitol,PM01,Adonitol-PM01,Extracellular,Extracellular,42.85176127344775,706.0467378606692,1000.0,121.92816635160676
324,Aspergillus_oryzae_NRRL_3483,Adonitol,PM01,Adonitol-PM01,Extracellular,Extracellular,42.821198337113756,742.6100074537094,1000.0,121.92816635160676
325,Aspergillus_oryzae_NRRL_5589,Adonitol,PM01,Adonitol-PM01,Extracellular,Extracellular,42.82119833711382,742.3956394424426,1000.0,121.92816635160676
326,Aspergillus_oryzae_NRRL_3488,Adonitol,PM01,Adonitol-PM01,Extracellular,Extracellular,42.821198337113834,742.3956394424426,1000.0,121.92816635160676
327,Aspergillus_oryzae_NRRL_5592,Adonitol,PM01,Adonitol-PM01,Extracellular,Extracellular,42.821198337113834,742.3956394424426,1000.0,121.92816635160676
328,Aspergillus_oryzae_NRRL_35890,Adonitol,PM01,Adonitol-PM01,Extracellular,Extracellular,42.851761273447714,742.4049871998349,1000.0,121.92816635160676
329,Aspergillus_oryzae_NRRL_471,Adonitol,PM01,Adonitol-PM01,Extracellular,Extracellular,42.821198337113834,751.6479297983203,1000.0,121.92816635160676
330,Pan_oryzae,myo_Inositol,PM01,myo_Inositol-PM01,Extracellular,Extracellular,44.90343607692676,654.833397550008,1000.0,552.857142857143
331,template,myo_Inositol,PM01,myo_Inositol-PM01,Extracellular,Extracellular,0.0,0.0,0.0,0.0
332,Aspergillus_oryzae_RIB40_CAoGD,myo_Inositol,PM01,myo_Inositol-PM01,Extracellular,Extracellular,0.0,0.0,0.0,0.0
333,Aspergillus_oryzae_NRRL_2217,myo_Inositol,PM01,myo_Inositol-PM01,Extracellular,Extracellular,36.705690571688216,1000.0,1000.0,314.1476613838421
334,Aspergillus_oryzae_NRRL_3483,myo_Inositol,PM01,myo_Inositol-PM01,Extracellular,Extracellular,0.0,0.0,0.0,0.0
335,Aspergillus_oryzae_NRRL_5589,myo_Inositol,PM01,myo_Inositol-PM01,Extracellular,Extracellular,36.60384416562874,1000.0,1000.0,252.78231377967577
336,Aspergillus_oryzae_NRRL_3488,myo_Inositol,PM01,myo_Inositol-PM01,Extracellular,Extracellular,0.0,0.0,0.0,0.0
337,Aspergillus_oryzae_NRRL_5592,myo_Inositol,PM01,myo_Inositol-PM01,Extracellular,Extracellular,0.0,0.0,0.0,0.0
338,Aspergillus_oryzae_NRRL_35890,myo_Inositol,PM01,myo_Inositol-PM01,Extracellular,Extracellular,36.62751837554597,1000.0,1000.0,188.9340927583401
339,Aspergillus_oryzae_NRRL_471,myo_Inositol,PM01,myo_Inositol-PM01,Extracellular,Extracellular,0.0,0.0,0.0,0.0
340,Pan_oryzae,D_Galactose,PM01,D_Galactose-PM01,Extracellular,Extracellular,44.90343607692643,0.0,1000.0,0.0
341,template,D_Galactose,PM01,D_Galactose-PM01,Extracellular,Extracellular,32.81437367258724,284.880439614636,1000.0,193.5
342,Aspergillus_oryzae_RIB40_CAoGD,D_Galactose,PM01,D_Galactose-PM01,Extracellular,Extracellular,33.21308851752023,284.35650140425156,1000.0,193.5
343,Aspergillus_oryzae_NRRL_2217,D_Galactose,PM01,D_Galactose-PM01,Extracellular,Extracellular,42.851761273447835,412.16818269799404,1000.0,193.5
344,Aspergillus_oryzae_NRRL_3483,D_Galactose,PM01,D_Galactose-PM01,Extracellular,Extracellular,42.82119833711387,434.5830105198995,1000.0,193.5
345,Aspergillus_oryzae_NRRL_5589,D_Galactose,PM01,D_Galactose-PM01,Extracellular,Extracellular,42.82119833711407,434.5830105198969,1000.0,193.5
346,Aspergillus_oryzae_NRRL_3488,D_Galactose,PM01,D_Galactose-PM01,Extracellular,Extracellular,42.821198337114,434.5830105198973,1000.0,193.5
347,Aspergillus_oryzae_NRRL_5592,D_Galactose,PM01,D_Galactose-PM01,Extracellular,Extracellular,42.82119833711392,416.93354772843304,1000.0,193.5
348,Aspergillus_oryzae_NRRL_35890,D_Galactose,PM01,D_Galactose-PM01,Extracellular,Extracellular,42.851761273447764,416.97046644715357,1000.0,193.5
349,Aspergillus_oryzae_NRRL_471,D_Galactose,PM01,D_Galactose-PM01,Extracellular,Extracellular,42.821198337113934,434.5830105198996,1000.0,193.5
350,Pan_oryzae,Sucrose,PM01,Sucrose-PM01,Extracellular,Extracellular,46.09557285890092,0.0,1000.0,181.40625
351,template,Sucrose,PM01,Sucrose-PM01,Extracellular,Extracellular,32.91311711930887,553.8962248718583,1000.0,164.59152602965816
352,Aspergillus_oryzae_RIB40_CAoGD,Sucrose,PM01,Sucrose-PM01,Extracellular,Extracellular,33.31424982859422,536.5410221992638,1000.0,164.59152602965952
353,Aspergillus_oryzae_NRRL_2217,Sucrose,PM01,Sucrose-PM01,Extracellular,Extracellular,42.982737788228974,412.2347162695944,1000.0,164.59152602965952
354,Aspergillus_oryzae_NRRL_3483,Sucrose,PM01,Sucrose-PM01,Extracellular,Extracellular,42.95198780202232,411.95405126498724,1000.0,164.59152602966077
355,Aspergillus_oryzae_NRRL_5589,Sucrose,PM01,Sucrose-PM01,Extracellular,Extracellular,42.951987802022074,413.1122074071249,1000.0,164.59152602966054
356,Aspergillus_oryzae_NRRL_3488,Sucrose,PM01,Sucrose-PM01,Extracellular,Extracellular,42.951987802022416,413.1122074071248,1000.0,164.59152602966054
357,Aspergillus_oryzae_NRRL_5592,Sucrose,PM01,Sucrose-PM01,Extracellular,Extracellular,42.951987802022416,413.1122074071248,1000.0,164.59152602966003
358,Aspergillus_oryzae_NRRL_35890,Sucrose,PM01,Sucrose-PM01,Extracellular,Extracellular,42.98273778822903,413.14607702586414,1000.0,164.59152602966014
359,Aspergillus_oryzae_NRRL_471,Sucrose,PM01,Sucrose-PM01,Extracellular,Extracellular,42.951987802022074,413.1122074071249,1000.0,164.59152602966014
360,Pan_oryzae,g_Cyclodextrin,PM02A,g_Cyclodextrin-PM02A,Extracellular,Extracellular,46.0955728589013,0.0,1000.0,0.0
361,template,g_Cyclodextrin,PM02A,g_Cyclodextrin-PM02A,Extracellular,Extracellular,32.814373672587365,768.6996613596698,1000.0,0.0
362,Aspergillus_oryzae_RIB40_CAoGD,g_Cyclodextrin,PM02A,g_Cyclodextrin-PM02A,Extracellular,Extracellular,33.21308851752013,753.1555692416064,1000.0,0.0
363,Aspergillus_oryzae_NRRL_2217,g_Cyclodextrin,PM02A,g_Cyclodextrin-PM02A,Extracellular,Extracellular,42.98273778822892,730.1341303539762,1000.0,0.0
364,Aspergillus_oryzae_NRRL_3483,g_Cyclodextrin,PM02A,g_Cyclodextrin-PM02A,Extracellular,Extracellular,42.821198337114176,755.9927888580726,1000.0,0.0
365,Aspergillus_oryzae_NRRL_5589,g_Cyclodextrin,PM02A,g_Cyclodextrin-PM02A,Extracellular,Extracellular,42.95198780202218,748.172272476435,1000.0,0.0
366,Aspergillus_oryzae_NRRL_3488,g_Cyclodextrin,PM02A,g_Cyclodextrin-PM02A,Extracellular,Extracellular,42.82119833711375,599.225857309625,1000.0,0.0
367,Aspergillus_oryzae_NRRL_5592,g_Cyclodextrin,PM02A,g_Cyclodextrin-PM02A,Extracellular,Extracellular,42.82119833711197,599.2258573096196,1000.0,0.0
368,Aspergillus_oryzae_NRRL_35890,g_Cyclodextrin,PM02A,g_Cyclodextrin-PM02A,Extracellular,Extracellular,42.98273778822865,603.4168170317809,1000.0,0.0
369,Aspergillus_oryzae_NRRL_471,g_Cyclodextrin,PM02A,g_Cyclodextrin-PM02A,Extracellular,Extracellular,42.82119833711395,413.95761127410987,1000.0,0.0
370,Pan_oryzae,L_Sorbose,PM02A,L_Sorbose-PM02A,Extracellular,Extracellular,46.09557285890129,467.3607143786147,1000.0,75.38961038961031
371,template,L_Sorbose,PM02A,L_Sorbose-PM02A,Extracellular,Extracellular,32.913117119309085,806.7721433772542,1000.0,121.92816635160679
372,Aspergillus_oryzae_RIB40_CAoGD,L_Sorbose,PM02A,L_Sorbose-PM02A,Extracellular,Extracellular,33.31424982859417,795.8841406450547,1000.0,121.92816635160682
373,Aspergillus_oryzae_NRRL_2217,L_Sorbose,PM02A,L_Sorbose-PM02A,Extracellular,Extracellular,42.982737788228775,412.0426264555889,1000.0,121.92816635160682
374,Aspergillus_oryzae_NRRL_3483,L_Sorbose,PM02A,L_Sorbose-PM02A,Extracellular,Extracellular,42.9519878020224,420.2735633447461,1000.0,121.92816635160682
375,Aspergillus_oryzae_NRRL_5589,L_Sorbose,PM02A,L_Sorbose-PM02A,Extracellular,Extracellular,42.95198780202213,412.236947945971,1000.0,121.92816635160682
376,Aspergillus_oryzae_NRRL_3488,L_Sorbose,PM02A,L_Sorbose-PM02A,Extracellular,Extracellular,42.95198780202213,412.236947945971,1000.0,121.92816635160682
377,Aspergillus_oryzae_NRRL_5592,L_Sorbose,PM02A,L_Sorbose-PM02A,Extracellular,Extracellular,42.951987802022316,443.78290242493097,1000.0,121.92816635160682
378,Aspergillus_oryzae_NRRL_35890,L_Sorbose,PM02A,L_Sorbose-PM02A,Extracellular,Extracellular,42.98273778822915,467.7891707161665,1000.0,121.92816635160682
379,Aspergillus_oryzae_NRRL_471,L_Sorbose,PM02A,L_Sorbose-PM02A,Extracellular,Extracellular,42.95198780202237,508.5845886299761,1000.0,121.92816635160682
380,Pan_oryzae,Xanthine,PM03B,Xanthine-PM03B,Intracellular,Intracellular,0.0,0.0,1000.0,163.01600673967988
381,template,Xanthine,PM03B,Xanthine-PM03B,Intracellular,Intracellular,0.0,0.0,1000.0,276.42857142857144
382,Aspergillus_oryzae_RIB40_CAoGD,Xanthine,PM03B,Xanthine-PM03B,Intracellular,Intracellular,0.0,0.0,1000.0,276.42857142857144
383,Aspergillus_oryzae_NRRL_2217,Xanthine,PM03B,Xanthine-PM03B,Intracellular,Intracellular,0.0,0.0,1000.0,276.42857142857144
384,Aspergillus_oryzae_NRRL_3483,Xanthine,PM03B,Xanthine-PM03B,Intracellular,Intracellular,0.0,0.0,1000.0,276.42857142857144
385,Aspergillus_oryzae_NRRL_5589,Xanthine,PM03B,Xanthine-PM03B,Intracellular,Intracellular,0.0,0.0,1000.0,276.42857142857144
386,Aspergillus_oryzae_NRRL_3488,Xanthine,PM03B,Xanthine-PM03B,Intracellular,Intracellular,0.0,0.0,1000.0,276.42857142857144
387,Aspergillus_oryzae_NRRL_5592,Xanthine,PM03B,Xanthine-PM03B,Intracellular,Intracellular,0.0,0.0,1000.0,276.42857142857144
388,Aspergillus_oryzae_NRRL_35890,Xanthine,PM03B,Xanthine-PM03B,Intracellular,Intracellular,0.0,0.0,1000.0,276.42857142857144
389,Aspergillus_oryzae_NRRL_471,Xanthine,PM03B,Xanthine-PM03B,Intracellular,Intracellular,0.0,0.0,1000.0,276.42857142857144
390,Pan_oryzae,L_Proline,PM01,L_Proline-PM01,Extracellular,Extracellular,36.36525338503677,536.0876710362797,1000.0,118.4693877551021
391,template,L_Proline,PM01,L_Proline-PM01,Extracellular,Extracellular,0.0,0.0,0.0,0.0
392,Aspergillus_oryzae_RIB40_CAoGD,L_Proline,PM01,L_Proline-PM01,Extracellular,Extracellular,0.0,0.0,0.0,0.0
393,Aspergillus_oryzae_NRRL_2217,L_Proline,PM01,L_Proline-PM01,Extracellular,Extracellular,26.30255037068802,938.3701858847531,1000.0,276.4285714285715
394,Aspergillus_oryzae_NRRL_3483,L_Proline,PM01,L_Proline-PM01,Extracellular,Extracellular,26.285277311289725,934.5752244890491,1000.0,276.4285714285715
395,Aspergillus_oryzae_NRRL_5589,L_Proline,PM01,L_Proline-PM01,Extracellular,Extracellular,0.0,0.0,0.0,0.0
396,Aspergillus_oryzae_NRRL_3488,L_Proline,PM01,L_Proline-PM01,Extracellular,Extracellular,0.0,0.0,0.0,0.0
397,Aspergillus_oryzae_NRRL_5592,L_Proline,PM01,L_Proline-PM01,Extracellular,Extracellular,0.0,0.0,0.0,0.0
398,Aspergillus_oryzae_NRRL_35890,L_Proline,PM01,L_Proline-PM01,Extracellular,Extracellular,0.0,0.0,0.0,0.0
399,Aspergillus_oryzae_NRRL_471,L_Proline,PM01,L_Proline-PM01,Extracellular,Extracellular,0.0,0.0,0.0,0.0
400,Pan_oryzae,D_Trehalose,PM01,D_Trehalose-PM01,Extracellular,Extracellular,56.53357385361571,0.0,1000.0,150.97276264591437
401,template,D_Trehalose,PM01,D_Trehalose-PM01,Extracellular,Extracellular,41.52705993133791,475.85287756519097,1000.0,140.16660630206448
402,Aspergillus_oryzae_RIB40_CAoGD,D_Trehalose,PM01,D_Trehalose-PM01,Extracellular,Extracellular,41.991176195196765,507.7680324372349,1000.0,140.16660630206448
403,Aspergillus_oryzae_NRRL_2217,D_Trehalose,PM01,D_Trehalose-PM01,Extracellular,Extracellular,52.85929911063869,421.779200797514,1000.0,140.16660630206448
404,Aspergillus_oryzae_NRRL_3483,D_Trehalose,PM01,D_Trehalose-PM01,Extracellular,Extracellular,52.81994637393293,421.7366195686512,1000.0,140.16660630206448
405,Aspergillus_oryzae_NRRL_5589,D_Trehalose,PM01,D_Trehalose-PM01,Extracellular,Extracellular,52.79118745383811,423.15316980898683,1000.0,140.16660630206448
406,Aspergillus_oryzae_NRRL_3488,D_Trehalose,PM01,D_Trehalose-PM01,Extracellular,Extracellular,52.79118745383811,423.1531698089867,1000.0,140.16660630206448
407,Aspergillus_oryzae_NRRL_5592,D_Trehalose,PM01,D_Trehalose-PM01,Extracellular,Extracellular,52.7911874538383,423.15316980898666,1000.0,140.16660630206448
408,Aspergillus_oryzae_NRRL_35890,D_Trehalose,PM01,D_Trehalose-PM01,Extracellular,Extracellular,52.830497333429236,423.1967826415556,1000.0,140.16660630206448
409,Aspergillus_oryzae_NRRL_471,D_Trehalose,PM01,D_Trehalose-PM01,Extracellular,Extracellular,52.7911874538383,423.15316980898683,1000.0,140.16660630206448
410,Pan_oryzae,D_Mannose,PM01,D_Mannose-PM01,Extracellular,Extracellular,44.90343607692683,500.0,1000.0,193.5
411,template,D_Mannose,PM01,D_Mannose-PM01,Extracellular,Extracellular,32.81437367258734,705.9953102804042,1000.0,193.50000000000003
412,Aspergillus_oryzae_RIB40_CAoGD,D_Mannose,PM01,D_Mannose-PM01,Extracellular,Extracellular,33.21308851752007,694.6444583567144,1000.0,193.5
413,Aspergillus_oryzae_NRRL_2217,D_Mannose,PM01,D_Mannose-PM01,Extracellular,Extracellular,42.85176127344751,706.1274395945484,1000.0,193.5
414,Aspergillus_oryzae_NRRL_3483,D_Mannose,PM01,D_Mannose-PM01,Extracellular,Extracellular,42.82119833711385,706.0940103002722,1000.0,193.5
415,Aspergillus_oryzae_NRRL_5589,D_Mannose,PM01,D_Mannose-PM01,Extracellular,Extracellular,42.82119833711367,716.3080414532265,1000.0,193.5
416,Aspergillus_oryzae_NRRL_3488,D_Mannose,PM01,D_Mannose-PM01,Extracellular,Extracellular,42.821198337113735,716.3080414532267,1000.0,193.5
417,Aspergillus_oryzae_NRRL_5592,D_Mannose,PM01,D_Mannose-PM01,Extracellular,Extracellular,42.821198337113735,716.3080414532267,1000.0,193.5
418,Aspergillus_oryzae_NRRL_35890,D_Mannose,PM01,D_Mannose-PM01,Extracellular,Extracellular,42.85176127344756,716.2839943638412,1000.0,193.5
419,Aspergillus_oryzae_NRRL_471,D_Mannose,PM01,D_Mannose-PM01,Extracellular,Extracellular,42.82119833711385,706.6644801397119,1000.0,193.5
420,Pan_oryzae,b_Phenylethylamine,PM01,b_Phenylethylamine-PM01,Extracellular,Extracellular,41.53865957255913,1000.0,1000.0,0.0
421,template,b_Phenylethylamine,PM01,b_Phenylethylamine-PM01,Extracellular,Extracellular,0.0,0.0,0.0,0.0
422,Aspergillus_oryzae_RIB40_CAoGD,b_Phenylethylamine,PM01,b_Phenylethylamine-PM01,Extracellular,Extracellular,0.0,0.0,0.0,0.0
423,Aspergillus_oryzae_NRRL_2217,b_Phenylethylamine,PM01,b_Phenylethylamine-PM01,Extracellular,Extracellular,22.527390745247015,978.6975516560294,1000.0,225.7217847769029
424,Aspergillus_oryzae_NRRL_3483,b_Phenylethylamine,PM01,b_Phenylethylamine-PM01,Extracellular,Extracellular,0.0,0.0,0.0,0.0
425,Aspergillus_oryzae_NRRL_5589,b_Phenylethylamine,PM01,b_Phenylethylamine-PM01,Extracellular,Extracellular,22.51471900489526,926.7092714539823,1000.0,225.7217847769029
426,Aspergillus_oryzae_NRRL_3488,b_Phenylethylamine,PM01,b_Phenylethylamine-PM01,Extracellular,Extracellular,22.514719004895188,966.3977901255662,1000.0,225.72178477690287
427,Aspergillus_oryzae_NRRL_5592,b_Phenylethylamine,PM01,b_Phenylethylamine-PM01,Extracellular,Extracellular,0.0,0.0,0.0,0.0
428,Aspergillus_oryzae_NRRL_35890,b_Phenylethylamine,PM01,b_Phenylethylamine-PM01,Extracellular,Extracellular,22.527390745247157,862.1452870268345,1000.0,225.7217847769026
429,Aspergillus_oryzae_NRRL_471,b_Phenylethylamine,PM01,b_Phenylethylamine-PM01,Extracellular,Extracellular,0.0,0.0,0.0,0.0
430,Pan_oryzae,Amygdalin,PM02A,Amygdalin-PM02A,Extracellular,Extracellular,46.09557285890124,729.5640225330075,1000.0,276.42857142857144
431,template,Amygdalin,PM02A,Amygdalin-PM02A,Extracellular,Extracellular,32.81437367258737,668.0031921404803,1000.0,276.42857142857144
432,Aspergillus_oryzae_RIB40_CAoGD,Amygdalin,PM02A,Amygdalin-PM02A,Extracellular,Extracellular,33.21308851752012,668.6672835976618,1000.0,276.42857142857144
433,Aspergillus_oryzae_NRRL_2217,Amygdalin,PM02A,Amygdalin-PM02A,Extracellular,Extracellular,42.982737788228995,1000.0,1000.0,276.42857142857144
434,Aspergillus_oryzae_NRRL_3483,Amygdalin,PM02A,Amygdalin-PM02A,Extracellular,Extracellular,42.82119833711387,1000.0,1000.0,276.42857142857144
435,Aspergillus_oryzae_NRRL_5589,Amygdalin,PM02A,Amygdalin-PM02A,Extracellular,Extracellular,42.95198780202249,987.3401778929639,1000.0,276.42857142857144
436,Aspergillus_oryzae_NRRL_3488,Amygdalin,PM02A,Amygdalin-PM02A,Extracellular,Extracellular,42.82119833711405,1000.0,1000.0,276.42857142857144
437,Aspergillus_oryzae_NRRL_5592,Amygdalin,PM02A,Amygdalin-PM02A,Extracellular,Extracellular,42.82119833711364,1000.0,1000.0,276.42857142857144
438,Aspergillus_oryzae_NRRL_35890,Amygdalin,PM02A,Amygdalin-PM02A,Extracellular,Extracellular,42.9827377882292,1000.0,1000.0,276.42857142857144
439,Aspergillus_oryzae_NRRL_471,Amygdalin,PM02A,Amygdalin-PM02A,Extracellular,Extracellular,42.82119833711387,924.5255675520472,1000.0,276.42857142857144
440,Pan_oryzae,4_Hydroxy_Benzoic_Acid,PM02A,4_Hydroxy_Benzoic_Acid-PM02A,Extracellular,Extracellular,35.94967436005419,0.0,1000.0,0.0
441,template,4_Hydroxy_Benzoic_Acid,PM02A,4_Hydroxy_Benzoic_Acid-PM02A,Extracellular,Extracellular,16.827020419131436,516.3666586789338,1000.0,207.32142857142875
442,Aspergillus_oryzae_RIB40_CAoGD,4_Hydroxy_Benzoic_Acid,PM02A,4_Hydroxy_Benzoic_Acid-PM02A,Extracellular,Extracellular,17.08615555360344,515.1107797819732,1000.0,207.32142857142875
443,Aspergillus_oryzae_NRRL_2217,4_Hydroxy_Benzoic_Acid,PM02A,4_Hydroxy_Benzoic_Acid-PM02A,Extracellular,Extracellular,26.30255037068815,572.6800390275689,1000.0,207.32142857142875
444,Aspergillus_oryzae_NRRL_3483,4_Hydroxy_Benzoic_Acid,PM02A,4_Hydroxy_Benzoic_Acid-PM02A,Extracellular,Extracellular,26.28527731128976,576.0981376974216,1000.0,207.32142857142875
445,Aspergillus_oryzae_NRRL_5589,4_Hydroxy_Benzoic_Acid,PM02A,4_Hydroxy_Benzoic_Acid-PM02A,Extracellular,Extracellular,26.285277311289917,575.1906364991439,1000.0,207.32142857142875
446,Aspergillus_oryzae_NRRL_3488,4_Hydroxy_Benzoic_Acid,PM02A,4_Hydroxy_Benzoic_Acid-PM02A,Extracellular,Extracellular,26.285277311289956,575.1906364991432,1000.0,207.32142857142875
447,Aspergillus_oryzae_NRRL_5592,4_Hydroxy_Benzoic_Acid,PM02A,4_Hydroxy_Benzoic_Acid-PM02A,Extracellular,Extracellular,26.801326227638395,562.4183374784102,1000.0,207.32142857142875
448,Aspergillus_oryzae_NRRL_35890,4_Hydroxy_Benzoic_Acid,PM02A,4_Hydroxy_Benzoic_Acid-PM02A,Extracellular,Extracellular,26.302550370688284,418.2633422732986,1000.0,207.32142857142875
449,Aspergillus_oryzae_NRRL_471,4_Hydroxy_Benzoic_Acid,PM02A,4_Hydroxy_Benzoic_Acid-PM02A,Extracellular,Extracellular,26.28527731128989,523.214296282792,1000.0,207.32142857142875
