Protein_ID,Localizations,Signals,Membrane types,Cytoplasm,Nucleus,Extracellular,Cell membrane,Mitochondrion,Plastid,Endoplasmic reticulum,Lysosome/Vacuole,Golgi apparatus,Peroxisome,Peripheral,Transmembrane,Lipid anchor,Soluble
cluster_10848,Cytoplasm,,Soluble,0.7953000068664551,0.19280000030994415,0.5396000146865845,0.0982000008225441,0.14650000631809235,0.011800000444054604,0.07479999959468842,0.09290000051259995,0.18070000410079956,0.06780000030994415,0.299699991941452,0.11680000275373459,0.06870000064373016,0.8392000198364258
cluster_11995,Peroxisome,Peroxisomal targeting signal,Soluble,0.2531999945640564,0.164900004863739,0.04320000112056732,0.0478999987244606,0.20990000665187836,0.0010999999940395355,0.09009999781847,0.03709999844431877,0.03240000084042549,0.8282999992370605,0.32519999146461487,0.10809999704360962,0.13249999284744263,0.7468000054359436
cluster_7009,Endoplasmic reticulum,Signal peptide|Transmembrane domain,Transmembrane,0.14659999310970306,0.0851999968290329,0.09030000120401382,0.10100000351667404,0.21719999611377716,0.032999999821186066,0.8392000198364258,0.13680000603199005,0.1923000067472458,0.06560000032186508,0.5218999981880188,0.6751000285148621,0.0843999981880188,0.3160000145435333
cluster_3556,Endoplasmic reticulum|Lysosome/Vacuole|Golgi apparatus,Signal peptide|Transmembrane domain,Transmembrane,0.2305999994277954,0.11429999768733978,0.2558000087738037,0.20059999823570251,0.06599999964237213,0.006800000090152025,0.65420001745224,0.6435999870300293,0.7271999716758728,0.02280000038444996,0.3068999946117401,0.767799973487854,0.06840000301599503,0.3458999991416931
cluster_10231,Cytoplasm,Nuclear localization signal,Soluble,0.7272999882698059,0.46880000829696655,0.033399999141693115,0.14030000567436218,0.11180000007152557,0.018300000578165054,0.19869999587535858,0.22370000183582306,0.08980000019073486,0.00559999980032444,0.5940999984741211,0.032499998807907104,0.11720000207424164,0.7872999906539917
cluster_15077,Endoplasmic reticulum,Signal peptide,Transmembrane,0.17080000042915344,0.22419999539852142,0.03830000013113022,0.16459999978542328,0.13819999992847443,0.016100000590085983,0.7856000065803528,0.41269999742507935,0.3824999928474426,0.01140000019222498,0.07090000063180923,0.9700000286102295,0.065700002014637,0.1143999993801117
cluster_6845,Cytoplasm,,Soluble,0.6416000127792358,0.29409998655319214,0.1160999983549118,0.09380000084638596,0.05649999901652336,0.005100000184029341,0.14030000567436218,0.12120000272989273,0.09539999812841415,0.17319999635219574,0.29760000109672546,0.13750000298023224,0.09309999644756317,0.771399974822998
cluster_6578,Extracellular,Signal peptide,Soluble,0.15680000185966492,0.03180000185966492,0.8666999936103821,0.06469999998807907,0.08030000329017639,0.008299999870359898,0.35199999809265137,0.2619999945163727,0.07940000295639038,0.0015999999595806003,0.21359999477863312,0.0723000019788742,0.17749999463558197,0.8574000000953674
cluster_11527,Cytoplasm,Nuclear localization signal,Soluble,0.6000000238418579,0.3714999854564667,0.18649999797344208,0.10779999941587448,0.07660000026226044,0.0032999999821186066,0.23149999976158142,0.048900000751018524,0.13109999895095825,0.024000000208616257,0.23960000276565552,0.25110000371932983,0.09130000323057175,0.7797999978065491
cluster_1078,Cytoplasm,Peroxisomal targeting signal,Soluble,0.7921000123023987,0.16369999945163727,0.049400001764297485,0.12030000239610672,0.25609999895095825,0.035999998450279236,0.12970000505447388,0.25200000405311584,0.22619999945163727,0.4819999933242798,0.3919000029563904,0.12890000641345978,0.11029999703168869,0.7817000150680542
cluster_159,Cytoplasm,,Soluble,0.7439000010490417,0.25459998846054077,0.0966000035405159,0.19830000400543213,0.24070000648498535,0.03539999946951866,0.2004999965429306,0.18719999492168427,0.16850000619888306,0.14499999582767487,0.4523000121116638,0.10400000214576721,0.09849999845027924,0.7991999983787537
cluster_10532,Cytoplasm,,Soluble,0.5356000065803528,0.25029999017715454,0.3212999999523163,0.1396999955177307,0.22630000114440918,0.0575999990105629,0.1088000014424324,0.11479999870061874,0.155799999833107,0.2838999927043915,0.26510000228881836,0.2711000144481659,0.1421000063419342,0.7156000137329102
cluster_1553,Cytoplasm,,Soluble,0.6154999732971191,0.17659999430179596,0.07000000029802322,0.10999999940395355,0.11299999803304672,0.017799999564886093,0.14980000257492065,0.33340001106262207,0.275299996137619,0.1949000060558319,0.486299991607666,0.12520000338554382,0.0812000036239624,0.8029000163078308
cluster_19,Cytoplasm,,Peripheral|Soluble,0.683899998664856,0.2533999979496002,0.048500001430511475,0.1915999948978424,0.14429999887943268,0.039500001817941666,0.24979999661445618,0.2190999984741211,0.1589999943971634,0.04820000007748604,0.6473000049591064,0.14640000462532043,0.06069999933242798,0.755299985408783
cluster_14539,Cytoplasm,Peroxisomal targeting signal,Soluble,0.5299000144004822,0.4138000011444092,0.03830000013113022,0.07599999755620956,0.46799999475479126,0.07639999687671661,0.1784999966621399,0.10580000281333923,0.08190000057220459,0.39320001006126404,0.3005000054836273,0.3529999852180481,0.1266999989748001,0.5317999720573425
cluster_9619,Cytoplasm,Peroxisomal targeting signal,Soluble,0.7057999968528748,0.3384999930858612,0.27889999747276306,0.013799999840557575,0.11429999768733978,0.02979999966919422,0.24639999866485596,0.03920000046491623,0.06830000132322311,0.5726000070571899,0.38499999046325684,0.052000001072883606,0.062199998646974564,0.8152999877929688
cluster_7735,Cytoplasm,,Soluble,0.6937999725341797,0.3255999982357025,0.10050000250339508,0.12620000541210175,0.06639999896287918,0.011900000274181366,0.0723000019788742,0.12080000340938568,0.060499999672174454,0.319599986076355,0.29580000042915344,0.27469998598098755,0.16339999437332153,0.6721000075340271
cluster_6473,Cytoplasm,Peroxisomal targeting signal,Soluble,0.6093999743461609,0.3237000107765198,0.26249998807907104,0.14730000495910645,0.0778999999165535,0.006300000008195639,0.2313999980688095,0.2671000063419342,0.2946000099182129,0.6082000136375427,0.32190001010894775,0.14329999685287476,0.08560000360012054,0.822700023651123
cluster_3455,Endoplasmic reticulum,Signal peptide,Soluble,0.24779999256134033,0.1509000062942505,0.07119999825954437,0.13850000500679016,0.26660001277923584,0.029100000858306885,0.4726000130176544,0.24120000004768372,0.11710000038146973,0.30570000410079956,0.5792999863624573,0.38040000200271606,0.06120000034570694,0.4927999973297119
cluster_12941,Cytoplasm,Peroxisomal targeting signal,Soluble,0.8788999915122986,0.27549999952316284,0.12389999628067017,0.06880000233650208,0.272599995136261,0.011900000274181366,0.3149000108242035,0.2816999852657318,0.1396999955177307,0.3330000042915344,0.40230000019073486,0.03310000151395798,0.13330000638961792,0.8700000047683716
cluster_10201,Cytoplasm,Nuclear localization signal,Soluble,0.7684000134468079,0.4560000002384186,0.21379999816417694,0.15809999406337738,0.1657000035047531,0.009200000204145908,0.11490000039339066,0.12409999966621399,0.0649000033736229,0.01269999984651804,0.28299999237060547,0.09830000251531601,0.13030000030994415,0.8537999987602234
cluster_9346,Cytoplasm|Nucleus,Peroxisomal targeting signal,Soluble,0.5422999858856201,0.6100000143051147,0.2870999872684479,0.08699999749660492,0.23070000112056732,0.004699999932199717,0.029500000178813934,0.19370000064373016,0.06759999692440033,0.2515000104904175,0.5045999884605408,0.0714000016450882,0.10989999771118164,0.7764999866485596
cluster_7455,Extracellular,Signal peptide,Soluble,0.25429999828338623,0.05979999899864197,0.6679999828338623,0.03970000147819519,0.11999999731779099,0.010099999606609344,0.3337000012397766,0.19740000367164612,0.15459999442100525,0.006899999920278788,0.19280000030994415,0.09730000048875809,0.16740000247955322,0.8605999946594238
cluster_11554,Cytoplasm|Nucleus,Nuclear export signal,Soluble,0.8840000033378601,0.5351999998092651,0.025599999353289604,0.06930000334978104,0.22179999947547913,0.01510000042617321,0.13760000467300415,0.08889999985694885,0.10339999943971634,0.019200000911951065,0.22849999368190765,0.0989999994635582,0.13920000195503235,0.833299994468689
cluster_11799,Cytoplasm|Nucleus,Peroxisomal targeting signal,Soluble,0.6333000063896179,0.6629999876022339,0.06379999965429306,0.04650000110268593,0.2535000145435333,0.012900000438094139,0.0925000011920929,0.16189999878406525,0.121799997985363,0.3675999939441681,0.45969998836517334,0.12860000133514404,0.06120000034570694,0.7523000240325928
cluster_5808,Endoplasmic reticulum,Signal peptide,Transmembrane,0.20970000326633453,0.15649999678134918,0.19370000064373016,0.11860000342130661,0.19900000095367432,0.009999999776482582,0.786300003528595,0.2379000037908554,0.4309000074863434,0.048900000751018524,0.23819999396800995,0.878000020980835,0.0551999993622303,0.22089999914169312
cluster_11166,Cytoplasm,Peroxisomal targeting signal,Soluble,0.49959999322891235,0.26669999957084656,0.25529998540878296,0.2079000025987625,0.09910000115633011,0.012000000104308128,0.14380000531673431,0.0925000011920929,0.18389999866485596,0.6229000091552734,0.32280001044273376,0.13330000638961792,0.23770000040531158,0.7551000118255615
cluster_10670,Cytoplasm|Nucleus,Nuclear localization signal,Soluble,0.5699999928474426,0.6359999775886536,0.02810000069439411,0.18170000612735748,0.17489999532699585,0.03189999982714653,0.11760000139474869,0.0340999998152256,0.02759999968111515,0.008500000461935997,0.26330000162124634,0.17970000207424164,0.24410000443458557,0.8030999898910522
cluster_6858,Peroxisome,Peroxisomal targeting signal,Soluble,0.2777999937534332,0.21789999306201935,0.2913999855518341,0.4458000063896179,0.26919999718666077,0.012400000356137753,0.16259999573230743,0.49549999833106995,0.35600000619888306,0.7723000049591064,0.3158000111579895,0.08070000261068344,0.13570000231266022,0.8087999820709229
cluster_10507,Cytoplasm|Nucleus,,Soluble,0.7109000086784363,0.5051000118255615,0.1673000007867813,0.04650000110268593,0.16349999606609344,0.01810000091791153,0.33629998564720154,0.22259999811649323,0.20630000531673431,0.09709999710321426,0.36980000138282776,0.10140000283718109,0.12099999934434891,0.7473999857902527
cluster_11037,Cytoplasm,Nuclear localization signal,Soluble,0.7035999894142151,0.3296000063419342,0.08190000057220459,0.04749999940395355,0.366100013256073,0.0203000009059906,0.19910000264644623,0.07930000126361847,0.08250000327825546,0.021700000390410423,0.32499998807907104,0.1525000035762787,0.040699999779462814,0.7279000282287598
cluster_6554,Cytoplasm,,Soluble,0.7001000046730042,0.4099000096321106,0.12269999831914902,0.22110000252723694,0.08330000191926956,0.008999999612569809,0.1753000020980835,0.17149999737739563,0.15690000355243683,0.16830000281333923,0.34130001068115234,0.18639999628067017,0.10840000212192535,0.8083999752998352
cluster_9091,Cytoplasm,Nuclear localization signal,Soluble,0.8492000102996826,0.45170000195503235,0.10239999741315842,0.05869999900460243,0.24410000443458557,0.009999999776482582,0.14990000426769257,0.03660000115633011,0.12160000205039978,0.015399999916553497,0.26350000500679016,0.1542000025510788,0.05310000106692314,0.8425999879837036
cluster_4153,Cytoplasm,Signal peptide,Soluble,0.5906999707221985,0.2223999947309494,0.3564999997615814,0.10220000147819519,0.16670000553131104,0.01209999993443489,0.25529998540878296,0.045499999076128006,0.1754000037908554,0.01810000091791153,0.3790000081062317,0.09650000184774399,0.061400000005960464,0.7512000203132629
cluster_13507,Cytoplasm,Peroxisomal targeting signal,Soluble,0.8389999866485596,0.3765000104904175,0.12849999964237213,0.041600000113248825,0.1324000060558319,0.012199999764561653,0.12219999730587006,0.10170000046491623,0.11069999635219574,0.20260000228881836,0.3483000099658966,0.12049999833106995,0.07819999754428864,0.7810999751091003
cluster_6236,Extracellular,Signal peptide,Soluble,0.23340000212192535,0.059300001710653305,0.8596000075340271,0.10670000314712524,0.06960000097751617,0.006899999920278788,0.36739999055862427,0.30880001187324524,0.1776999980211258,0.003800000064074993,0.18520000576972961,0.14069999754428864,0.13279999792575836,0.8569999933242798
cluster_119,Cytoplasm,,Soluble,0.6812000274658203,0.19529999792575836,0.04910000041127205,0.15309999883174896,0.14720000326633453,0.040800001472234726,0.20080000162124634,0.35830000042915344,0.12060000002384186,0.052400000393390656,0.4307999908924103,0.10459999740123749,0.07209999859333038,0.800599992275238
cluster_7167,Endoplasmic reticulum,Signal peptide|Transmembrane domain,Peripheral|Transmembrane,0.1940000057220459,0.10890000313520432,0.07750000059604645,0.11959999799728394,0.2671999931335449,0.016200000420212746,0.7946000099182129,0.18369999527931213,0.19169999659061432,0.06199999898672104,0.6335999965667725,0.637499988079071,0.07959999889135361,0.27239999175071716
cluster_16113,Cytoplasm,,Soluble,0.8217999935150146,0.16899999976158142,0.262800008058548,0.24480000138282776,0.20890000462532043,0.013100000098347664,0.13519999384880066,0.12030000239610672,0.07699999958276749,0.303600013256073,0.2623000144958496,0.08479999750852585,0.1753000020980835,0.8633999824523926
cluster_13636,Cytoplasm|Extracellular,Signal peptide,Soluble,0.4765999913215637,0.18039999902248383,0.8575999736785889,0.273499995470047,0.2793999910354614,0.14149999618530273,0.2784000039100647,0.1168999969959259,0.09920000284910202,0.07580000162124634,0.32179999351501465,0.1298999935388565,0.17139999568462372,0.8270000219345093
cluster_13252,Cytoplasm,,Soluble,0.7749000191688538,0.3846000134944916,0.09130000323057175,0.09139999747276306,0.12999999523162842,0.014700000174343586,0.5655999779701233,0.056299999356269836,0.20479999482631683,0.009800000116229057,0.18539999425411224,0.2761000096797943,0.07509999722242355,0.7623000144958496
cluster_109,Cytoplasm,Nuclear localization signal,Soluble,0.6869000196456909,0.21389999985694885,0.04010000079870224,0.1289999932050705,0.1678999960422516,0.017999999225139618,0.18060000240802765,0.3476000130176544,0.12880000472068787,0.09350000321865082,0.39089998602867126,0.10750000178813934,0.07880000025033951,0.8144999742507935
cluster_9336,Cytoplasm,,Soluble,0.7918000221252441,0.1657000035047531,0.259799987077713,0.1136000007390976,0.19580000638961792,0.08420000225305557,0.24210000038146973,0.035999998450279236,0.2822999954223633,0.058400001376867294,0.35190001130104065,0.364300012588501,0.09430000185966492,0.6502000093460083
cluster_5725,Cytoplasm,,Soluble,0.47999998927116394,0.24210000038146973,0.18889999389648438,0.37599998712539673,0.23180000483989716,0.0032999999821186066,0.28130000829696655,0.3521000146865845,0.1800999939441681,0.052000001072883606,0.5490000247955322,0.1647000014781952,0.12129999697208405,0.7785000205039978
cluster_11478,Cytoplasm|Nucleus,Nuclear localization signal,Soluble,0.6848999857902527,0.5098999738693237,0.10869999974966049,0.19499999284744263,0.125,0.07999999821186066,0.1703999936580658,0.08560000360012054,0.12099999934434891,0.06419999897480011,0.3086000084877014,0.12229999899864197,0.12409999966621399,0.8305000066757202
cluster_10035,Cytoplasm,,Soluble,0.6852999925613403,0.45649999380111694,0.08380000293254852,0.049300000071525574,0.4415000081062317,0.0031999999191612005,0.0786999985575676,0.06239999830722809,0.0763000026345253,0.023000000044703484,0.2433999925851822,0.09910000115633011,0.03020000085234642,0.8514999747276306
cluster_4585,Nucleus,Nuclear localization signal,Soluble,0.2433999925851822,0.7067999839782715,0.07829999923706055,0.07850000262260437,0.0714000016450882,0.00419999985024333,0.15330000221729279,0.06849999725818634,0.08990000188350677,0.035999998450279236,0.46619999408721924,0.24390000104904175,0.3822000026702881,0.571399986743927
cluster_676,Cytoplasm,,Soluble,0.5299000144004822,0.37059998512268066,0.12780000269412994,0.20190000534057617,0.08900000154972076,0.003700000001117587,0.2272000014781952,0.24539999663829803,0.2554999887943268,0.2280000001192093,0.45750001072883606,0.21729999780654907,0.11309999972581863,0.704200029373169
cluster_459,Cytoplasm,,Soluble,0.3292999863624573,0.25360000133514404,0.04960000142455101,0.13040000200271606,0.36410000920295715,0.003599999938160181,0.4406999945640564,0.12470000237226486,0.13259999454021454,0.12219999730587006,0.5597000122070312,0.17589999735355377,0.05689999833703041,0.6923999786376953
cluster_6183,Cytoplasm,,Soluble,0.6470000147819519,0.24740000069141388,0.2809999883174896,0.13950000703334808,0.08699999749660492,0.02810000069439411,0.28119999170303345,0.26669999957084656,0.17470000684261322,0.18940000236034393,0.2816999852657318,0.09120000153779984,0.10559999942779541,0.8569999933242798
cluster_903,Cytoplasm,,Peripheral,0.4997999966144562,0.18410000205039978,0.2337000072002411,0.41290000081062317,0.20749999582767487,0.0066999997943639755,0.1875,0.5555999875068665,0.4081999957561493,0.19539999961853027,0.6629999876022339,0.35530000925064087,0.5558000206947327,0.4551999866962433
cluster_1886,Nucleus,,Soluble,0.2639000117778778,0.7892000079154968,0.021400000900030136,0.026000000536441803,0.05640000104904175,0.0010999999940395355,0.09390000253915787,0.09269999712705612,0.04690000042319298,0.08100000023841858,0.31610000133514404,0.2013999968767166,0.08110000193119049,0.7929999828338623
cluster_4455,Cytoplasm,,Soluble,0.660099983215332,0.22360000014305115,0.08420000225305557,0.18520000576972961,0.2639999985694885,0.042399998754262924,0.15360000729560852,0.2069000005722046,0.14090000092983246,0.1193000003695488,0.23280000686645508,0.11630000174045563,0.0868000015616417,0.8300999999046326
cluster_1001,Cytoplasm,Peroxisomal targeting signal,Soluble,0.7764000296592712,0.37279999256134033,0.043299999088048935,0.12099999934434891,0.19449999928474426,0.04349999874830246,0.1445000022649765,0.1899999976158142,0.21299999952316284,0.3352999985218048,0.4361000061035156,0.11330000311136246,0.06159999966621399,0.8242999911308289
cluster_12734,Cytoplasm,Nuclear localization signal,Soluble,0.835099995136261,0.4763000011444092,0.24140000343322754,0.08619999885559082,0.2290000021457672,0.003000000026077032,0.1662999987602234,0.15600000321865082,0.10700000077486038,0.025100000202655792,0.20990000665187836,0.12099999934434891,0.1096000000834465,0.8801000118255615
cluster_9478,Peroxisome,Peroxisomal targeting signal,Soluble,0.1834000051021576,0.25600001215934753,0.06960000097751617,0.040300000458955765,0.13740000128746033,0.02800000086426735,0.0982000008225441,0.14249999821186066,0.1565999984741211,0.9912999868392944,0.5271999835968018,0.12129999697208405,0.10350000113248825,0.6559000015258789
cluster_10653,Endoplasmic reticulum,Signal peptide|Transmembrane domain,Transmembrane,0.15479999780654907,0.09399999678134918,0.16329999268054962,0.08089999854564667,0.25940001010894775,0.032499998807907104,0.8996999859809875,0.19869999587535858,0.3093999922275543,0.045899998396635056,0.49309998750686646,0.8496999740600586,0.1582999974489212,0.22200000286102295
cluster_14027,Endoplasmic reticulum,Signal peptide,Soluble,0.11760000139474869,0.11069999635219574,0.20250000059604645,0.09679999947547913,0.2896000146865845,0.016699999570846558,0.6797000169754028,0.14059999585151672,0.2370000034570694,0.3499999940395355,0.48750001192092896,0.4625000059604645,0.04129999876022339,0.4756999909877777
cluster_10056,Cytoplasm,Peroxisomal targeting signal,Soluble,0.7746999859809875,0.43970000743865967,0.1128000020980835,0.08449999988079071,0.131400004029274,0.002199999988079071,0.046799998730421066,0.2207999974489212,0.16019999980926514,0.28450000286102295,0.325300008058548,0.1793999969959259,0.04989999905228615,0.7904999852180481
cluster_5390,Cytoplasm,Peroxisomal targeting signal,Soluble,0.7343999743461609,0.23430000245571136,0.094200000166893,0.1467999964952469,0.07289999723434448,0.005400000140070915,0.2581999897956848,0.1923000067472458,0.15129999816417694,0.29190000891685486,0.2978000044822693,0.16580000519752502,0.08380000293254852,0.7505000233650208
cluster_9488,Cytoplasm,Peroxisomal targeting signal,Soluble,0.8654999732971191,0.4007999897003174,0.01590000092983246,0.08959999680519104,0.2029999941587448,0.019500000402331352,0.05460000038146973,0.3075999915599823,0.23330000042915344,0.19179999828338623,0.2915000021457672,0.16050000488758087,0.06520000100135803,0.8259000182151794
cluster_3721,Endoplasmic reticulum,Signal peptide|Transmembrane domain,Transmembrane,0.1956000030040741,0.09279999881982803,0.08349999785423279,0.1868000030517578,0.22769999504089355,0.04580000042915344,0.6758000254631042,0.22589999437332153,0.14219999313354492,0.06639999896287918,0.11460000276565552,0.9724000096321106,0.026200000196695328,0.17430000007152557
cluster_4985,Cytoplasm,,Soluble,0.7644000053405762,0.30489999055862427,0.06069999933242798,0.12370000034570694,0.07320000231266022,0.030300000682473183,0.23340000212192535,0.08940000087022781,0.09430000185966492,0.21739999949932098,0.3885999917984009,0.10649999976158142,0.07329999655485153,0.861299991607666
cluster_8329,Extracellular,Signal peptide,Soluble,0.16380000114440918,0.10040000081062317,0.7829999923706055,0.1404000073671341,0.019999999552965164,0.007699999958276749,0.211899995803833,0.1914999932050705,0.15539999306201935,0.01209999993443489,0.17829999327659607,0.11999999731779099,0.18469999730587006,0.8626000285148621
cluster_8086,Endoplasmic reticulum,Signal peptide|Transmembrane domain,Transmembrane,0.11580000072717667,0.052000001072883606,0.07159999758005142,0.09790000319480896,0.2370000034570694,0.00860000029206276,0.8999999761581421,0.23980000615119934,0.2387000024318695,0.017000000923871994,0.4952999949455261,0.7735999822616577,0.0729999989271164,0.23579999804496765
cluster_2325,Nucleus,Nuclear localization signal,Soluble,0.3246999979019165,0.7193999886512756,0.0868000015616417,0.07890000194311142,0.03880000114440918,0.01810000091791153,0.18199999630451202,0.13979999721050262,0.09920000284910202,0.05139999836683273,0.39259999990463257,0.29109999537467957,0.1509999930858612,0.6171000003814697
cluster_14324,Cytoplasm|Nucleus,Nuclear localization signal,Soluble,0.8429999947547913,0.5284000039100647,0.27059999108314514,0.09749999642372131,0.15610000491142273,0.031099999323487282,0.05979999899864197,0.0357000008225441,0.07999999821186066,0.03849999979138374,0.18050000071525574,0.03880000114440918,0.10559999942779541,0.8797000050544739
cluster_15562,Endoplasmic reticulum,,Transmembrane,0.13410000503063202,0.20469999313354492,0.03660000115633011,0.2199999988079071,0.22669999301433563,0.07419999688863754,0.36329999566078186,0.179299995303154,0.10899999737739563,0.0038999998942017555,0.0714000016450882,0.9790999889373779,0.056699998676776886,0.14659999310970306
cluster_1503,Cytoplasm,,Soluble,0.5527999997138977,0.2565999925136566,0.07479999959468842,0.34929999709129333,0.19580000638961792,0.00139999995008111,0.15309999883174896,0.38440001010894775,0.19709999859333038,0.032600000500679016,0.527999997138977,0.11599999666213989,0.2750000059604645,0.7827000021934509
cluster_1957,Endoplasmic reticulum,Signal peptide|Transmembrane domain,Transmembrane,0.1590999960899353,0.12240000069141388,0.1315000057220459,0.36660000681877136,0.09849999845027924,0.007899999618530273,0.6137999892234802,0.43950000405311584,0.37779998779296875,0.08500000089406967,0.5541999936103821,0.8289999961853027,0.12999999523162842,0.18809999525547028
cluster_3948,Cytoplasm,Peroxisomal targeting signal,Soluble,0.654699981212616,0.23199999332427979,0.17520000040531158,0.14910000562667847,0.07599999755620956,0.05590000003576279,0.2955999970436096,0.09690000116825104,0.06210000067949295,0.48980000615119934,0.41530001163482666,0.3278000056743622,0.1193000003695488,0.6139000058174133
cluster_385,Cytoplasm,,Soluble,0.6818000078201294,0.3077000081539154,0.034699998795986176,0.15639999508857727,0.2973000109195709,0.011800000444054604,0.16660000383853912,0.28189998865127563,0.10980000346899033,0.15189999341964722,0.5142999887466431,0.1111999973654747,0.07119999825954437,0.8195000290870667
cluster_12725,Cytoplasm,Peroxisomal targeting signal,Soluble,0.8934000134468079,0.2596000134944916,0.18639999628067017,0.041999999433755875,0.272599995136261,0.0027000000700354576,0.12370000034570694,0.1014999970793724,0.07320000231266022,0.2736999988555908,0.3269999921321869,0.04179999977350235,0.1453000009059906,0.8398000001907349
cluster_6675,Extracellular,Signal peptide,Soluble,0.2257000058889389,0.06040000170469284,0.9027000069618225,0.1200999990105629,0.07490000128746033,0.01489999983459711,0.17419999837875366,0.24480000138282776,0.13529999554157257,0.005900000222027302,0.19300000369548798,0.10639999806880951,0.23199999332427979,0.8597999811172485
cluster_7370,Endoplasmic reticulum,Signal peptide|Transmembrane domain,Peripheral|Transmembrane,0.20170000195503235,0.06210000067949295,0.10830000042915344,0.11209999769926071,0.23399999737739563,0.02590000070631504,0.8621000051498413,0.16200000047683716,0.20340000092983246,0.10029999911785126,0.6037999987602234,0.572700023651123,0.08780000358819962,0.3693000078201294
cluster_14804,Cytoplasm,Nuclear localization signal,Soluble,0.694599986076355,0.3434999883174896,0.1761000007390976,0.05649999901652336,0.21170000731945038,0.010900000110268593,0.09950000047683716,0.13910000026226044,0.06589999794960022,0.04780000075697899,0.5084999799728394,0.12030000239610672,0.08910000324249268,0.663100004196167
cluster_13394,Cytoplasm,Peroxisomal targeting signal,Soluble,0.6779000163078308,0.45010000467300415,0.030700000002980232,0.04430000111460686,0.09470000118017197,0.06199999898672104,0.11379999667406082,0.12720000743865967,0.2736999988555908,0.4909000098705292,0.4447000026702881,0.09549999982118607,0.03799999877810478,0.7694000005722046
cluster_8933,Cytoplasm,Nuclear localization signal,Soluble,0.7073000073432922,0.4226999878883362,0.15770000219345093,0.13300000131130219,0.13590000569820404,0.034299999475479126,0.12950000166893005,0.07649999856948853,0.0868000015616417,0.031099999323487282,0.2985999882221222,0.10010000318288803,0.10090000182390213,0.8223000168800354
cluster_8213,Endoplasmic reticulum,Signal peptide|Transmembrane domain,Transmembrane,0.1445000022649765,0.05490000173449516,0.05820000171661377,0.12520000338554382,0.2669999897480011,0.002899999963119626,0.8816999793052673,0.34540000557899475,0.25380000472068787,0.02710000053048134,0.5680000185966492,0.7796000242233276,0.07209999859333038,0.22030000388622284
cluster_46,Cell membrane,,Transmembrane,0.34459999203681946,0.1281999945640564,0.05620000138878822,0.44440001249313354,0.17839999496936798,0.029600000008940697,0.3783000111579895,0.4616999924182892,0.21150000393390656,0.12690000236034393,0.25839999318122864,0.7508000135421753,0.18240000307559967,0.3012999892234802
cluster_11263,Cytoplasm,,Soluble,0.7329000234603882,0.24410000443458557,0.05550000071525574,0.1120000034570694,0.10189999639987946,0.024299999698996544,0.14810000360012054,0.06080000102519989,0.031599998474121094,0.1931000053882599,0.32910001277923584,0.31779998540878296,0.15119999647140503,0.6455000042915344
cluster_2748,Nucleus,,Soluble,0.39579999446868896,0.6812000274658203,0.03539999946951866,0.09430000185966492,0.11649999767541885,0.006599999964237213,0.17949999868869781,0.2809000015258789,0.17000000178813934,0.3903999924659729,0.42089998722076416,0.19189999997615814,0.10189999639987946,0.733299970626831
cluster_10370,Peroxisome,Peroxisomal targeting signal,Soluble,0.30630001425743103,0.18889999389648438,0.06750000268220901,0.05689999833703041,0.18780000507831573,0.0010000000474974513,0.1273999959230423,0.050599999725818634,0.1266999989748001,0.9563999772071838,0.46650001406669617,0.09529999643564224,0.15139999985694885,0.6976000070571899
cluster_1550,Cytoplasm,Nuclear localization signal,Soluble,0.6535999774932861,0.4537000060081482,0.04859999939799309,0.24690000712871552,0.21889999508857727,0.014600000344216824,0.11550000309944153,0.1867000013589859,0.11980000138282776,0.06960000097751617,0.5246999859809875,0.09149999916553497,0.09989999979734421,0.8345000147819519
cluster_7056,Cytoplasm,Peroxisomal targeting signal,Soluble,0.7609999775886536,0.2554999887943268,0.1039000004529953,0.1453000009059906,0.1655000001192093,0.00800000037997961,0.15839999914169312,0.3799999952316284,0.3528999984264374,0.36489999294281006,0.34279999136924744,0.10649999976158142,0.19619999825954437,0.8436999917030334
cluster_2768,Cytoplasm,Peroxisomal targeting signal,Soluble,0.6765999794006348,0.4830999970436096,0.07440000027418137,0.094200000166893,0.09489999711513519,0.006899999920278788,0.1274999976158142,0.14880000054836273,0.09189999848604202,0.26179999113082886,0.5659000277519226,0.09359999746084213,0.07720000296831131,0.7972000241279602
cluster_9814,Cytoplasm,,Soluble,0.7685999870300293,0.351500004529953,0.16670000553131104,0.12250000238418579,0.14380000531673431,0.0013000000035390258,0.22339999675750732,0.14970000088214874,0.17710000276565552,0.11330000311136246,0.17550000548362732,0.19820000231266022,0.08330000191926956,0.8240000009536743
cluster_1,Cytoplasm,Nuclear localization signal|Nuclear export signal,Peripheral|Soluble,0.718999981880188,0.3547999858856201,0.026399999856948853,0.17599999904632568,0.23659999668598175,0.0333000011742115,0.2425999939441681,0.19760000705718994,0.18880000710487366,0.01119999960064888,0.6840000152587891,0.12309999763965607,0.06939999759197235,0.7728000283241272
cluster_2396,Cytoplasm,,Soluble,0.503600001335144,0.15240000188350677,0.3939000070095062,0.2425999939441681,0.09189999848604202,0.010400000028312206,0.20839999616146088,0.48570001125335693,0.22830000519752502,0.2955999970436096,0.42579999566078186,0.18019999563694,0.17069999873638153,0.7465999722480774
cluster_1624,Cytoplasm,,Soluble,0.5843999981880188,0.3840000033378601,0.1597999930381775,0.16429999470710754,0.13809999823570251,0.014000000432133675,0.33169999718666077,0.1826999932527542,0.2574000060558319,0.3199999928474426,0.35120001435279846,0.16200000047683716,0.05310000106692314,0.8156999945640564
cluster_906,Peroxisome,Peroxisomal targeting signal,Transmembrane,0.24459999799728394,0.09440000355243683,0.15790000557899475,0.18140000104904175,0.36230000853538513,0.3361999988555908,0.21549999713897705,0.2590999901294708,0.1859000027179718,0.6735000014305115,0.225600004196167,0.9345999956130981,0.08609999716281891,0.2070000022649765
cluster_3022,Cytoplasm|Endoplasmic reticulum,Signal peptide,Soluble,0.6068999767303467,0.22050000727176666,0.18709999322891235,0.24779999256134033,0.2930000126361847,0.20010000467300415,0.6952000260353088,0.2386000007390976,0.4636000096797943,0.15970000624656677,0.49639999866485596,0.4699999988079071,0.16359999775886536,0.5131999850273132
cluster_3057,Cytoplasm,,Soluble,0.5665000081062317,0.374099999666214,0.07970000058412552,0.16760000586509705,0.21330000460147858,0.007000000216066837,0.4970000088214874,0.34860000014305115,0.22540000081062317,0.1379999965429306,0.4311999976634979,0.2621999979019165,0.08969999849796295,0.746399998664856
cluster_22,Cytoplasm,,Soluble,0.5248000025749207,0.2777000069618225,0.05790000036358833,0.16120000183582306,0.1899999976158142,0.04659999907016754,0.2831999957561493,0.2808000147342682,0.24150000512599945,0.047600001096725464,0.48750001192092896,0.1655000001192093,0.07280000299215317,0.7615000009536743
cluster_1800,Extracellular,Signal peptide,Soluble,0.18289999663829803,0.08649999648332596,0.6898999810218811,0.2013999968767166,0.05000000074505806,0.013000000268220901,0.44429999589920044,0.27390000224113464,0.1080000028014183,0.00419999985024333,0.2842000126838684,0.17970000207424164,0.08169999718666077,0.7954000234603882
cluster_9210,Cytoplasm,Nuclear localization signal,Soluble,0.7462000250816345,0.38850000500679016,0.09539999812841415,0.05700000002980232,0.30379998683929443,0.004399999976158142,0.09950000047683716,0.03779999911785126,0.06260000169277191,0.03519999980926514,0.19689999520778656,0.13940000534057617,0.05640000104904175,0.8489000201225281
cluster_5807,Cytoplasm|Peroxisome,Peroxisomal targeting signal,Soluble,0.6177999973297119,0.3840000033378601,0.16519999504089355,0.26159998774528503,0.16110000014305115,0.012900000438094139,0.1973000019788742,0.31119999289512634,0.3578000068664551,0.7570000290870667,0.49869999289512634,0.26440000534057617,0.14669999480247498,0.7174999713897705
cluster_8864,Cytoplasm,Peroxisomal targeting signal,Soluble,0.42809998989105225,0.3546000123023987,0.16009999811649323,0.09350000321865082,0.0544000007212162,0.00039999998989515007,0.1720999926328659,0.24580000340938568,0.19359999895095825,0.6504999995231628,0.18170000612735748,0.13130000233650208,0.12690000236034393,0.8621000051498413
cluster_12354,Cytoplasm,,Soluble,0.8093000054359436,0.47540000081062317,0.16910000145435333,0.08240000158548355,0.2687000036239624,0.04769999906420708,0.13860000669956207,0.18930000066757202,0.15629999339580536,0.18459999561309814,0.41449999809265137,0.06759999692440033,0.07930000126361847,0.8162999749183655
cluster_5609,Cytoplasm,Peroxisomal targeting signal,Soluble,0.7009000182151794,0.20440000295639038,0.09860000014305115,0.09570000320672989,0.12620000541210175,0.0032999999821186066,0.15139999985694885,0.05550000071525574,0.08699999749660492,0.5476999878883362,0.2599000036716461,0.16169999539852142,0.06620000302791595,0.7861999869346619
cluster_8046,Endoplasmic reticulum,Signal peptide|Transmembrane domain,Transmembrane,0.11349999904632568,0.09600000083446503,0.040300000458955765,0.10270000249147415,0.20550000667572021,0.01080000028014183,0.8399999737739563,0.23499999940395355,0.24950000643730164,0.01860000006854534,0.4034999907016754,0.8317999839782715,0.07109999656677246,0.2232999950647354
cluster_3532,Cytoplasm,Peroxisomal targeting signal,Peripheral|Soluble,0.6622999906539917,0.2289000004529953,0.17980000376701355,0.22750000655651093,0.29159998893737793,0.46239998936653137,0.2524999976158142,0.46389999985694885,0.5429999828338623,0.27219998836517334,0.6165000200271606,0.2791999876499176,0.17080000042915344,0.6865000128746033
cluster_13851,Extracellular,Signal peptide,Soluble,0.17980000376701355,0.0794999971985817,0.8331000208854675,0.2190999984741211,0.3352999985218048,0.11330000311136246,0.42899999022483826,0.09489999711513519,0.20990000665187836,0.006300000008195639,0.5328999757766724,0.14399999380111694,0.44179999828338623,0.6395000219345093
cluster_12964,Cytoplasm|Nucleus,Nuclear localization signal|Nuclear export signal,Soluble,0.808899998664856,0.6967999935150146,0.024700000882148743,0.0494999997317791,0.1899999976158142,0.032600000500679016,0.14319999516010284,0.1071000024676323,0.05999999865889549,0.042399998754262924,0.31520000100135803,0.10989999771118164,0.11640000343322754,0.781499981880188
cluster_10522,Endoplasmic reticulum,Transmembrane domain,Transmembrane,0.15129999816417694,0.061000000685453415,0.008200000040233135,0.1784999966621399,0.44920000433921814,0.02539999969303608,0.7635999917984009,0.24619999527931213,0.29789999127388,0.002400000113993883,0.1988999992609024,0.859000027179718,0.03579999879002571,0.3465999960899353
cluster_3826,Cytoplasm,,Soluble,0.4986000061035156,0.37869998812675476,0.15440000593662262,0.11649999767541885,0.10840000212192535,0.007000000216066837,0.16979999840259552,0.4156999886035919,0.211899995803833,0.11420000344514847,0.44749999046325684,0.09709999710321426,0.1039000004529953,0.8605999946594238
cluster_4069,Cell membrane,,Transmembrane,0.27129998803138733,0.1565999984741211,0.031099999323487282,0.4607999920845032,0.0835999995470047,0.006800000090152025,0.32749998569488525,0.2648000121116638,0.38280001282691956,0.0786999985575676,0.06549999862909317,0.9485999941825867,0.05050000175833702,0.2644999921321869
cluster_13584,Cytoplasm,,Soluble,0.7940999865531921,0.376800000667572,0.09769999980926514,0.061500001698732376,0.38109999895095825,0.00279999990016222,0.19329999387264252,0.0877000018954277,0.14110000431537628,0.07919999957084656,0.28380000591278076,0.16680000722408295,0.07199999690055847,0.756600022315979
cluster_15703,Cytoplasm|Peroxisome,Peroxisomal targeting signal,Soluble,0.6632999777793884,0.4440999925136566,0.07349999994039536,0.02539999969303608,0.2615000009536743,0.03689999878406525,0.07050000131130219,0.0835999995470047,0.18449999392032623,0.857699990272522,0.4343000054359436,0.15970000624656677,0.1039000004529953,0.6758000254631042
cluster_11901,Peroxisome,Peroxisomal targeting signal,Soluble,0.40220001339912415,0.06350000202655792,0.18240000307559967,0.10239999741315842,0.15440000593662262,0.004900000058114529,0.21449999511241913,0.2524999976158142,0.16380000114440918,0.9086999893188477,0.3476000130176544,0.10209999978542328,0.10559999942779541,0.7851999998092651
cluster_17042,Mitochondrion|Endoplasmic reticulum,Signal peptide,Transmembrane,0.17720000445842743,0.15399999916553497,0.20880000293254852,0.19920000433921814,0.7019000053405762,0.15139999985694885,0.6578999757766724,0.18459999561309814,0.23720000684261322,0.580299973487854,0.3244999945163727,0.9120000004768372,0.06480000168085098,0.19840000569820404
cluster_92,Cytoplasm,Nuclear localization signal,Peripheral|Soluble,0.6626999974250793,0.2791999876499176,0.03999999910593033,0.21480000019073486,0.24070000648498535,0.04439999908208847,0.2978000044822693,0.21459999680519104,0.305400013923645,0.03440000116825104,0.6904000043869019,0.07329999655485153,0.1160999983549118,0.8052999973297119
cluster_6433,Cytoplasm,Peroxisomal targeting signal,Soluble,0.534500002861023,0.3398999869823456,0.01889999955892563,0.09759999811649323,0.2459000051021576,0.05119999870657921,0.20100000500679016,0.1120000034570694,0.1818999946117401,0.4754999876022339,0.49709999561309814,0.15929999947547913,0.1046999990940094,0.7268000245094299
cluster_3696,Endoplasmic reticulum,Signal peptide|Transmembrane domain,Transmembrane,0.1655000001192093,0.11320000141859055,0.03550000116229057,0.23520000278949738,0.29190000891685486,0.016499999910593033,0.7441999912261963,0.3160000145435333,0.392300009727478,0.13369999825954437,0.24469999969005585,0.8824999928474426,0.035100001841783524,0.25189998745918274
cluster_7567,Extracellular,Signal peptide,Soluble,0.19609999656677246,0.1745000034570694,0.6326000094413757,0.15399999916553497,0.05400000140070915,0.0017000000225380063,0.4625999927520752,0.17440000176429749,0.17499999701976776,0.002099999925121665,0.22859999537467957,0.18219999969005585,0.14900000393390656,0.7731000185012817
cluster_2210,Extracellular,Signal peptide,Soluble,0.1703999936580658,0.1136000007390976,0.6126000285148621,0.19830000400543213,0.04529999941587448,0.01940000057220459,0.42640000581741333,0.241799995303154,0.14900000393390656,0.004100000020116568,0.2551000118255615,0.18569999933242798,0.06989999860525131,0.7998999953269958
cluster_1062,Nucleus,Signal peptide,Soluble,0.27070000767707825,0.3165999948978424,0.3434000015258789,0.06509999930858612,0.025599999353289604,0.002400000113993883,0.19179999828338623,0.2484000027179718,0.18199999630451202,0.11779999732971191,0.25600001215934753,0.3452000021934509,0.14229999482631683,0.625
cluster_2828,Nucleus,,Soluble,0.41690000891685486,0.5446000099182129,0.04360000044107437,0.12409999966621399,0.10159999877214432,0.0017999999690800905,0.09709999710321426,0.16009999811649323,0.0723000019788742,0.1615000069141388,0.31709998846054077,0.10409999638795853,0.11819999665021896,0.7727000117301941
cluster_9403,Cytoplasm,Nuclear localization signal,Soluble,0.7287999987602234,0.4936999976634979,0.09359999746084213,0.0575999990105629,0.08860000222921371,0.002199999988079071,0.06499999761581421,0.04050000011920929,0.05810000002384186,0.09449999779462814,0.19329999387264252,0.14959999918937683,0.06199999898672104,0.857699990272522
cluster_844,Cytoplasm,Peroxisomal targeting signal,Soluble,0.6111000180244446,0.14110000431537628,0.14000000059604645,0.164000004529953,0.09889999777078629,0.004999999888241291,0.15060000121593475,0.28029999136924744,0.14190000295639038,0.6043999791145325,0.4074000120162964,0.11559999734163284,0.09350000321865082,0.7990999817848206
cluster_2010,Cytoplasm,,Soluble,0.46889999508857727,0.28130000829696655,0.3025999963283539,0.31049999594688416,0.13899999856948853,0.017000000923871994,0.2815999984741211,0.4779999852180481,0.2992999851703644,0.22269999980926514,0.5594000220298767,0.22759999334812164,0.21529999375343323,0.6690999865531921
cluster_2846,Cytoplasm,Nuclear localization signal,Peripheral|Soluble,0.6067000031471252,0.3149999976158142,0.027300000190734863,0.48100000619888306,0.061799999326467514,0.024700000882148743,0.16670000553131104,0.15690000355243683,0.14139999449253082,0.025599999353289604,0.7347000241279602,0.06109999865293503,0.08079999685287476,0.7053999900817871
cluster_6398,Cell membrane,Transmembrane domain,Transmembrane,0.15800000727176666,0.03189999982714653,0.05700000002980232,0.5311999917030334,0.2363000065088272,0.2619999945163727,0.2971000075340271,0.19740000367164612,0.12240000069141388,0.03999999910593033,0.24500000476837158,0.9470000267028809,0.0608999989926815,0.12809999287128448
cluster_7047,Endoplasmic reticulum|Lysosome/Vacuole|Golgi apparatus,Signal peptide|Transmembrane domain,Transmembrane,0.2535000145435333,0.15119999647140503,0.2046000063419342,0.20730000734329224,0.4009999930858612,0.020400000736117363,0.8245000243186951,0.609499990940094,0.6585000157356262,0.023499999195337296,0.34950000047683716,0.6597999930381775,0.042100001126527786,0.32519999146461487
cluster_10217,Cytoplasm,Nuclear localization signal,Soluble,0.758400022983551,0.4941999912261963,0.12399999797344208,0.06199999898672104,0.11330000311136246,0.005900000222027302,0.13019999861717224,0.18209999799728394,0.12349999696016312,0.05860000103712082,0.17489999532699585,0.18140000104904175,0.06400000303983688,0.849399983882904
cluster_1047,Lysosome/Vacuole,Signal peptide,Transmembrane,0.10700000077486038,0.08540000021457672,0.12610000371932983,0.32440000772476196,0.06610000133514404,0.01119999960064888,0.46860000491142273,0.7299000024795532,0.28700000047683716,0.028300000354647636,0.13950000703334808,0.8228999972343445,0.11640000343322754,0.328000009059906
cluster_13203,Cytoplasm,Nuclear localization signal,Soluble,0.7631999850273132,0.28459998965263367,0.11339999735355377,0.09269999712705612,0.1388999968767166,0.015799999237060547,0.10769999772310257,0.07760000228881836,0.06599999964237213,0.0560000017285347,0.3212999999523163,0.1242000013589859,0.06800000369548798,0.8271999955177307
cluster_7709,Endoplasmic reticulum,Signal peptide|Transmembrane domain,Transmembrane,0.16990000009536743,0.05530000105500221,0.11010000109672546,0.15109999477863312,0.23749999701976776,0.021900000050663948,0.8766999840736389,0.14830000698566437,0.1712000072002411,0.058400001376867294,0.476500004529953,0.6396999955177307,0.10580000281333923,0.3781000077724457
cluster_15582,Endoplasmic reticulum,Signal peptide,Transmembrane,0.1850000023841858,0.16830000281333923,0.0284000001847744,0.12790000438690186,0.0681999996304512,0.019899999722838402,0.9088000059127808,0.22419999539852142,0.20069999992847443,0.07509999722242355,0.05649999901652336,0.9958000183105469,0.04039999842643738,0.08529999852180481
cluster_10376,Cytoplasm,,Soluble,0.4934000074863434,0.3596999943256378,0.17749999463558197,0.20309999585151672,0.14630000293254852,0.006399999838322401,0.28690001368522644,0.18199999630451202,0.12939999997615814,0.12630000710487366,0.31859999895095825,0.20739999413490295,0.09049999713897705,0.7894999980926514
cluster_8295,Mitochondrion,,Peripheral,0.1972000002861023,0.14900000393390656,0.07240000367164612,0.29190000891685486,0.5027999877929688,0.052400000393390656,0.4462999999523163,0.09239999949932098,0.20489999651908875,0.32280001044273376,0.5921000242233276,0.36809998750686646,0.16200000047683716,0.4851999878883362
cluster_10800,Cytoplasm,,Soluble,0.8151999711990356,0.3693999946117401,0.05270000174641609,0.149399995803833,0.12780000269412994,0.004399999976158142,0.13109999895095825,0.3718999922275543,0.250900000333786,0.10180000215768814,0.3580999970436096,0.15860000252723694,0.07599999755620956,0.7982000112533569
cluster_6823,Cytoplasm,,Soluble,0.522599995136261,0.2393999993801117,0.20270000398159027,0.3167000114917755,0.1867000013589859,0.0066999997943639755,0.32199999690055847,0.34459999203681946,0.4072999954223633,0.1412000060081482,0.5659000277519226,0.12240000069141388,0.10509999841451645,0.7960000038146973
cluster_14520,Mitochondrion,Mitochondrial transit peptide,Soluble,0.33809998631477356,0.12759999930858612,0.2076999992132187,0.10740000009536743,0.8094000220298767,0.2653000056743622,0.03200000151991844,0.04749999940395355,0.027300000190734863,0.06019999831914902,0.46889999508857727,0.15029999613761902,0.13230000436306,0.7968999743461609
cluster_416,Nucleus,,Soluble,0.31049999594688416,0.6244999766349792,0.08340000361204147,0.057100001722574234,0.07460000365972519,0.002400000113993883,0.1151999980211258,0.2712000012397766,0.07569999992847443,0.15610000491142273,0.45730000734329224,0.21320000290870667,0.14480000734329224,0.7139999866485596
cluster_7837,Cytoplasm|Nucleus,,Soluble,0.794700026512146,0.6312000155448914,0.033799998462200165,0.08229999989271164,0.041999999433755875,0.00559999980032444,0.11010000109672546,0.05040000006556511,0.11240000277757645,0.28049999475479126,0.3140999972820282,0.1136000007390976,0.11060000211000443,0.807699978351593
cluster_9951,Cytoplasm,Nuclear localization signal,Soluble,0.698199987411499,0.438400000333786,0.07419999688863754,0.1890999972820282,0.12120000272989273,0.017000000923871994,0.1446000039577484,0.3052999973297119,0.20090000331401825,0.014800000004470348,0.47049999237060547,0.06599999964237213,0.06530000269412994,0.8603000044822693
cluster_10196,Extracellular,Signal peptide,Soluble,0.2639999985694885,0.04360000044107437,0.8396999835968018,0.1395999938249588,0.08290000259876251,0.016899999231100082,0.43050000071525574,0.3488999903202057,0.14830000698566437,0.004999999888241291,0.23240000009536743,0.1468999981880188,0.0746999979019165,0.8184999823570251
cluster_7797,Cytoplasm|Nucleus,,Soluble,0.6428999900817871,0.5228000283241272,0.36629998683929443,0.07519999891519547,0.07079999893903732,0.034699998795986176,0.13040000200271606,0.08399999886751175,0.09650000184774399,0.17090000212192535,0.3206000030040741,0.1624000072479248,0.06859999895095825,0.7368999719619751
cluster_13422,Cytoplasm,,Soluble,0.5730000138282776,0.2328999936580658,0.09830000251531601,0.2011999934911728,0.32659998536109924,0.020800000056624413,0.5444999933242798,0.48989999294281006,0.3280999958515167,0.00800000037997961,0.5467000007629395,0.29510000348091125,0.14720000326633453,0.5777999758720398
cluster_11986,Cytoplasm,Nuclear localization signal,Soluble,0.6984999775886536,0.33799999952316284,0.14659999310970306,0.13420000672340393,0.10130000114440918,0.03920000046491623,0.1858000010251999,0.12150000035762787,0.08129999786615372,0.029999999329447746,0.3109000027179718,0.15839999914169312,0.09709999710321426,0.7876999974250793
cluster_6221,Cytoplasm,Nuclear export signal,Soluble,0.7074000239372253,0.36320000886917114,0.04100000113248825,0.19779999554157257,0.40709999203681946,0.06650000065565109,0.29600000381469727,0.27630001306533813,0.1670999974012375,0.27649998664855957,0.3546999990940094,0.19589999318122864,0.16609999537467957,0.784500002861023
cluster_6245,Cytoplasm,,Soluble,0.7170000076293945,0.3084000051021576,0.23960000276565552,0.14560000598430634,0.11010000109672546,0.005900000222027302,0.13459999859333038,0.21979999542236328,0.08340000361204147,0.1753000020980835,0.3010999858379364,0.19679999351501465,0.1574999988079071,0.7645999789237976
cluster_14314,Endoplasmic reticulum,Signal peptide,Soluble,0.1889999955892563,0.12039999663829803,0.4187000095844269,0.07639999687671661,0.3418000042438507,0.01269999984651804,0.5848000049591064,0.26809999346733093,0.3785000145435333,0.002400000113993883,0.27379998564720154,0.1656000018119812,0.017799999564886093,0.7677000164985657
cluster_585,Cytoplasm,,Soluble,0.6967999935150146,0.1687999963760376,0.1386999934911728,0.13609999418258667,0.11159999668598175,0.01549999974668026,0.10300000011920929,0.28349998593330383,0.16680000722408295,0.3393999934196472,0.5608000159263611,0.0731000006198883,0.15219999849796295,0.8073999881744385
cluster_3819,Mitochondrion,Mitochondrial transit peptide,Soluble,0.24269999563694,0.12720000743865967,0.01810000091791153,0.033799998462200165,0.8119000196456909,0.007600000128149986,0.02759999968111515,0.05299999937415123,0.0568000003695488,0.013700000010430813,0.572700023651123,0.09730000048875809,0.06729999929666519,0.7605999708175659
cluster_12370,Cytoplasm|Nucleus,Nuclear localization signal,Soluble,0.736299991607666,0.5508999824523926,0.10580000281333923,0.23280000686645508,0.12700000405311584,0.048900000751018524,0.12039999663829803,0.08179999887943268,0.10419999808073044,0.13600000739097595,0.42910000681877136,0.15479999780654907,0.09009999781847,0.8034999966621399
cluster_9552,Cytoplasm,,Soluble,0.7063000202178955,0.36390000581741333,0.06109999865293503,0.11490000039339066,0.16500000655651093,0.012199999764561653,0.1136000007390976,0.12290000170469284,0.1454000025987625,0.18870000541210175,0.4377000033855438,0.16459999978542328,0.11670000106096268,0.679099977016449
cluster_10109,Cytoplasm,,Soluble,0.6177999973297119,0.28760001063346863,0.11479999870061874,0.0934000015258789,0.2612000107765198,0.01769999973475933,0.12269999831914902,0.4036000072956085,0.20190000534057617,0.2206999957561493,0.37400001287460327,0.21310000121593475,0.05730000138282776,0.784600019454956
cluster_9974,Endoplasmic reticulum,Signal peptide,Transmembrane,0.10270000249147415,0.09369999915361404,0.24410000443458557,0.11309999972581863,0.29019999504089355,0.021800000220537186,0.8109999895095825,0.1023000031709671,0.13490000367164612,0.1006999984383583,0.4156000018119812,0.8389999866485596,0.06279999762773514,0.25760000944137573
cluster_12444,Cytoplasm,,Soluble,0.738099992275238,0.43959999084472656,0.10480000078678131,0.09839999675750732,0.39640000462532043,0.01679999940097332,0.1762000024318695,0.13259999454021454,0.19920000433921814,0.09759999811649323,0.2443999946117401,0.21209999918937683,0.16140000522136688,0.694100022315979
cluster_6767,Cytoplasm,,Soluble,0.5515000224113464,0.396699994802475,0.12960000336170197,0.3043999969959259,0.2856000065803528,0.0013000000035390258,0.15399999916553497,0.3653999865055084,0.17890000343322754,0.07890000194311142,0.47029998898506165,0.17409999668598175,0.10050000250339508,0.7900999784469604
cluster_6998,Nucleus,,Soluble,0.36800000071525574,0.39329999685287476,0.211899995803833,0.24660000205039978,0.3050000071525574,0.031700000166893005,0.04780000075697899,0.13910000026226044,0.060499999672174454,0.1581999957561493,0.35580000281333923,0.32120001316070557,0.15600000321865082,0.7272999882698059
cluster_13424,Cytoplasm,,Soluble,0.5113000273704529,0.26429998874664307,0.10360000282526016,0.20409999787807465,0.3061999976634979,0.013500000350177288,0.5335000157356262,0.375,0.2694000005722046,0.0689999982714653,0.546999990940094,0.18469999730587006,0.17589999735355377,0.6089000105857849
cluster_7612,Cytoplasm,,Soluble,0.73580002784729,0.32749998569488525,0.15279999375343323,0.18960000574588776,0.0706000030040741,0.014700000174343586,0.1598999947309494,0.5060999989509583,0.23199999332427979,0.131400004029274,0.3950999975204468,0.19629999995231628,0.0658000037074089,0.7649000287055969
cluster_9468,Cytoplasm,,Soluble,0.4625000059604645,0.4796999990940094,0.10540000349283218,0.12489999830722809,0.1046999990940094,0.0066999997943639755,0.2409999966621399,0.13660000264644623,0.11749999970197678,0.02500000037252903,0.2184000015258789,0.2720000147819519,0.19499999284744263,0.7562000155448914
cluster_62,Cytoplasm,,Transmembrane,0.42289999127388,0.1501999944448471,0.0681999996304512,0.3808000087738037,0.08969999849796295,0.0348999984562397,0.34689998626708984,0.24070000648498535,0.2572000026702881,0.03319999948143959,0.164000004529953,0.7099999785423279,0.13619999587535858,0.4706000089645386
cluster_6645,Endoplasmic reticulum,Signal peptide|Transmembrane domain,Transmembrane,0.14630000293254852,0.08669999986886978,0.1046999990940094,0.13770000636577606,0.2053000032901764,0.02290000021457672,0.7621999979019165,0.1639000028371811,0.17110000550746918,0.06480000168085098,0.5831999778747559,0.6000999808311462,0.06960000097751617,0.36500000953674316
cluster_11990,Peroxisome,Peroxisomal targeting signal,Soluble,0.30390000343322754,0.13910000026226044,0.08980000019073486,0.04650000110268593,0.3465999960899353,0.0010999999940395355,0.06539999693632126,0.04800000041723251,0.07970000058412552,0.9054999947547913,0.21940000355243683,0.08340000361204147,0.1005999967455864,0.8233000040054321
cluster_254,Endoplasmic reticulum|Lysosome/Vacuole,Signal peptide|Transmembrane domain,Transmembrane,0.09489999711513519,0.07090000063180923,0.15139999985694885,0.3571000099182129,0.09120000153779984,0.02199999988079071,0.6416000127792358,0.5936999917030334,0.5527999997138977,0.08569999784231186,0.22550000250339508,0.9501000046730042,0.03680000081658363,0.19900000095367432
cluster_7421,Extracellular,Signal peptide,Soluble,0.2468000054359436,0.039799999445676804,0.9138000011444092,0.11129999905824661,0.1274999976158142,0.010999999940395355,0.3528999984264374,0.21979999542236328,0.14329999685287476,0.0027000000700354576,0.34540000557899475,0.12449999898672104,0.17839999496936798,0.8054999709129333
cluster_8326,Extracellular,,Lipid anchor,0.1298000067472458,0.07880000025033951,0.7361999750137329,0.5171999931335449,0.05490000173449516,0.012199999764561653,0.20819999277591705,0.19750000536441803,0.23800000548362732,0.010300000198185444,0.11919999867677689,0.28619998693466187,0.9359999895095825,0.43479999899864197
cluster_1139,Cytoplasm,,Soluble,0.38029998540878296,0.22290000319480896,0.15850000083446503,0.32269999384880066,0.2257000058889389,0.009800000116229057,0.24420000612735748,0.4869000017642975,0.3061000108718872,0.06960000097751617,0.5764999985694885,0.27570000290870667,0.2678000032901764,0.5622000098228455
cluster_13103,Extracellular|Golgi apparatus,Signal peptide,Transmembrane,0.17810000479221344,0.07150000333786011,0.7160999774932861,0.08510000258684158,0.09309999644756317,0.004600000102072954,0.5152999758720398,0.3537999987602234,0.9124000072479248,0.014700000174343586,0.1695999950170517,0.633400022983551,0.054099999368190765,0.4271000027656555
cluster_4822,Cytoplasm|Nucleus,Peroxisomal targeting signal,Soluble,0.625,0.6008999943733215,0.06340000033378601,0.05350000038743019,0.21879999339580536,0.004100000020116568,0.08579999953508377,0.24770000576972961,0.13439999520778656,0.5766000151634216,0.26809999346733093,0.2387000024318695,0.08810000121593475,0.7857999801635742
cluster_7867,Endoplasmic reticulum,Signal peptide,Peripheral|Transmembrane,0.18690000474452972,0.11659999936819077,0.17980000376701355,0.08579999953508377,0.2451999932527542,0.021700000390410423,0.8970999717712402,0.28610000014305115,0.3546000123023987,0.1120000034570694,0.6015999913215637,0.7806000113487244,0.0828000009059906,0.23080000281333923
cluster_11936,Cytoplasm,,Soluble,0.507099986076355,0.33959999680519104,0.1459999978542328,0.07349999994039536,0.301800012588501,0.0012000000569969416,0.052299998700618744,0.10019999742507935,0.08309999853372574,0.3093000054359436,0.3610000014305115,0.07419999688863754,0.10760000348091125,0.8288999795913696
cluster_7,Cell membrane,Signal peptide|Transmembrane domain,Transmembrane,0.17249999940395355,0.10589999705553055,0.09390000253915787,0.5335000157356262,0.06830000132322311,0.05950000137090683,0.503600001335144,0.5479999780654907,0.3237999975681305,0.19979999959468842,0.23199999332427979,0.9168000221252441,0.05460000038146973,0.2612999975681305
cluster_9575,Extracellular,Signal peptide,Soluble,0.20319999754428864,0.038600001484155655,0.7483999729156494,0.08879999816417694,0.1412999927997589,0.006500000134110451,0.35199999809265137,0.325300008058548,0.274399995803833,0.004699999932199717,0.19480000436306,0.05849999934434891,0.12540000677108765,0.8543999791145325
cluster_13789,Peroxisome,Peroxisomal targeting signal,Soluble,0.413100004196167,0.3467999994754791,0.0737999975681305,0.034299999475479126,0.34360000491142273,0.03370000049471855,0.04410000145435333,0.07020000368356705,0.15889999270439148,0.9740999937057495,0.4706000089645386,0.12250000238418579,0.1632000058889389,0.5893999934196472
cluster_11966,Endoplasmic reticulum,Signal peptide|Transmembrane domain,Transmembrane,0.3163999915122986,0.2502000033855438,0.09300000220537186,0.10360000282526016,0.18000000715255737,0.00430000014603138,0.8033000230789185,0.2833999991416931,0.5511999726295471,0.006500000134110451,0.4074999988079071,0.8410000205039978,0.08309999853372574,0.21570000052452087
cluster_12118,Cytoplasm,,Soluble,0.7046999931335449,0.1873999983072281,0.39570000767707825,0.09130000323057175,0.27889999747276306,0.03539999946951866,0.1453000009059906,0.08479999750852585,0.13269999623298645,0.10260000079870224,0.39879998564720154,0.11500000208616257,0.10490000247955322,0.8014000058174133
cluster_1751,Cell membrane,,Soluble,0.42910000681877136,0.19130000472068787,0.0681999996304512,0.5415999889373779,0.1987999975681305,0.0031999999191612005,0.15539999306201935,0.3544999957084656,0.1324000060558319,0.23839999735355377,0.5468000173568726,0.25270000100135803,0.39899998903274536,0.5846999883651733
cluster_2723,Nucleus,Nuclear localization signal,Soluble,0.30570000410079956,0.8112999796867371,0.021199999377131462,0.043800000101327896,0.06459999829530716,0.0027000000700354576,0.018699999898672104,0.00930000003427267,0.017899999395012856,0.15230000019073486,0.0803999975323677,0.06419999897480011,0.12240000069141388,0.9376999735832214
cluster_243,Cytoplasm,Nuclear localization signal,Peripheral|Soluble,0.7261000275611877,0.33379998803138733,0.04910000041127205,0.19089999794960022,0.2574999928474426,0.04639999940991402,0.24140000343322754,0.14800000190734863,0.15309999883174896,0.009999999776482582,0.6675999760627747,0.0706000030040741,0.09120000153779984,0.8054999709129333
cluster_7296,Cytoplasm,Peroxisomal targeting signal,Soluble,0.7361999750137329,0.2676999866962433,0.1046999990940094,0.06310000270605087,0.050700001418590546,0.010300000198185444,0.07320000231266022,0.14010000228881836,0.11429999768733978,0.6055999994277954,0.33570000529289246,0.3264999985694885,0.13580000400543213,0.628000020980835
cluster_10561,Cytoplasm,Peroxisomal targeting signal,Soluble,0.7179999947547913,0.3327000141143799,0.03739999979734421,0.034299999475479126,0.15139999985694885,0.0010000000474974513,0.025100000202655792,0.05050000175833702,0.17249999940395355,0.7125999927520752,0.48820000886917114,0.08560000360012054,0.1597999930381775,0.7757999897003174
cluster_10793,Cytoplasm,,Soluble,0.7577999830245972,0.3700000047683716,0.09839999675750732,0.04569999873638153,0.09449999779462814,0.035999998450279236,0.1395999938249588,0.34700000286102295,0.12049999833106995,0.058800000697374344,0.30570000410079956,0.1306000053882599,0.059700001031160355,0.8025000095367432
cluster_11638,Cytoplasm,Peroxisomal targeting signal,Soluble,0.8676000237464905,0.25369998812675476,0.20990000665187836,0.0997999981045723,0.311599999666214,0.003100000089034438,0.12939999997615814,0.07559999823570251,0.026900000870227814,0.30070000886917114,0.29330000281333923,0.041999999433755875,0.09910000115633011,0.8501999974250793
cluster_10942,Peroxisome,Peroxisomal targeting signal,Soluble,0.29760000109672546,0.10869999974966049,0.1316000074148178,0.04399999976158142,0.3790000081062317,0.0024999999441206455,0.05119999870657921,0.045099999755620956,0.05119999870657921,0.9714000225067139,0.3808000087738037,0.07919999957084656,0.09650000184774399,0.760699987411499
cluster_6730,Extracellular,Signal peptide,Soluble,0.18060000240802765,0.06909999996423721,0.796999990940094,0.09960000216960907,0.056299999356269836,0.005100000184029341,0.4016000032424927,0.23270000517368317,0.16019999980926514,0.003700000001117587,0.20919999480247498,0.07050000131130219,0.17319999635219574,0.8533999919891357
cluster_8393,Mitochondrion,Mitochondrial transit peptide,Soluble,0.4447000026702881,0.13930000364780426,0.2761000096797943,0.14300000667572021,0.7738999724388123,0.05700000002980232,0.037300001829862595,0.026399999856948853,0.02250000089406967,0.02070000022649765,0.38350000977516174,0.2687000036239624,0.04470000043511391,0.679099977016449
cluster_382,Nucleus,,Soluble,0.46070000529289246,0.5051000118255615,0.06970000267028809,0.1289999932050705,0.09969999641180038,0.003599999938160181,0.24310000240802765,0.39629998803138733,0.14710000157356262,0.08129999786615372,0.49570000171661377,0.18000000715255737,0.10970000177621841,0.6875
cluster_4335,Endoplasmic reticulum,Transmembrane domain,Transmembrane,0.1808999925851822,0.16949999332427979,0.03790000081062317,0.4593999981880188,0.12269999831914902,0.01679999940097332,0.6054999828338623,0.47130000591278076,0.4235000014305115,0.019600000232458115,0.14800000190734863,0.9710000157356262,0.07930000126361847,0.08829999715089798
cluster_2108,Nucleus,,Peripheral,0.3167000114917755,0.5683000087738037,0.02850000001490116,0.05820000171661377,0.3043999969959259,0.0272000003606081,0.18970000743865967,0.09309999644756317,0.18199999630451202,0.0272000003606081,0.5629000067710876,0.4603999853134155,0.09849999845027924,0.36899998784065247
cluster_1638,Extracellular,Signal peptide,Soluble,0.1534000039100647,0.06620000302791595,0.8287000060081482,0.13510000705718994,0.04439999908208847,0.02710000053048134,0.32919999957084656,0.2678000032901764,0.1599999964237213,0.010700000450015068,0.3163999915122986,0.14350000023841858,0.13009999692440033,0.7882999777793884
cluster_14476,Cytoplasm,,Soluble,0.6050999760627747,0.31380000710487366,0.21850000321865082,0.13850000500679016,0.3571999967098236,0.03660000115633011,0.06129999831318855,0.15129999816417694,0.13500000536441803,0.056299999356269836,0.4652000069618225,0.14630000293254852,0.09610000252723694,0.7056000232696533
cluster_6817,Endoplasmic reticulum,Signal peptide|Transmembrane domain,Transmembrane,0.18400000035762787,0.07460000365972519,0.12439999729394913,0.19059999287128448,0.32030001282691956,0.019099999219179153,0.8102999925613403,0.13979999721050262,0.1264999955892563,0.01590000092983246,0.4453999996185303,0.6930999755859375,0.11590000241994858,0.39070001244544983
cluster_7441,Cytoplasm,Nuclear localization signal,Soluble,0.708899974822998,0.3953999876976013,0.10329999774694443,0.10740000009536743,0.11309999972581863,0.005200000014156103,0.05900000035762787,0.15539999306201935,0.08919999748468399,0.0494999997317791,0.17260000109672546,0.14579999446868896,0.08229999989271164,0.8589000105857849
cluster_1961,Cytoplasm,,Soluble,0.7914999723434448,0.27649998664855957,0.03150000050663948,0.09489999711513519,0.3206999897956848,0.001500000013038516,0.23170000314712524,0.26669999957084656,0.3492000102996826,0.029500000178813934,0.5101000070571899,0.10090000182390213,0.08110000193119049,0.7807000279426575
cluster_9913,Cytoplasm,,Soluble,0.6315000057220459,0.23090000450611115,0.36649999022483826,0.1046999990940094,0.1826999932527542,0.02710000053048134,0.05999999865889549,0.41359999775886536,0.23970000445842743,0.06279999762773514,0.34450000524520874,0.2475000023841858,0.05389999970793724,0.761900007724762
cluster_9976,Cytoplasm,,Soluble,0.6980000138282776,0.14069999754428864,0.4519999921321869,0.061799999326467514,0.10700000077486038,0.023399999365210533,0.15410000085830688,0.23280000686645508,0.36980000138282776,0.05719999969005585,0.29420000314712524,0.3849000036716461,0.12250000238418579,0.6315000057220459
cluster_2019,Lysosome/Vacuole,Signal peptide,Soluble,0.21969999372959137,0.21580000221729279,0.20479999482631683,0.12809999287128448,0.08129999786615372,0.007400000002235174,0.4375999867916107,0.629800021648407,0.41130000352859497,0.21850000321865082,0.3228999972343445,0.2994000017642975,0.09160000085830688,0.6310999989509583
cluster_3055,Extracellular,Signal peptide,Soluble,0.28679999709129333,0.07989999651908875,0.7185999751091003,0.07270000129938126,0.0714000016450882,0.014000000432133675,0.32519999146461487,0.3264999985694885,0.17020000517368317,0.008299999870359898,0.2264000028371811,0.11240000277757645,0.08560000360012054,0.8342999815940857
cluster_8614,Cytoplasm,Peroxisomal targeting signal,Soluble,0.4611999988555908,0.22920000553131104,0.0934000015258789,0.05510000139474869,0.39410001039505005,0.023900000378489494,0.10159999877214432,0.0731000006198883,0.03629999980330467,0.5703999996185303,0.3598000109195709,0.052799999713897705,0.12229999899864197,0.8378000259399414
cluster_7559,Endoplasmic reticulum,Signal peptide|Transmembrane domain,Transmembrane,0.1388999968767166,0.08609999716281891,0.06809999793767929,0.12200000137090683,0.319599986076355,0.025699999183416367,0.9077000021934509,0.13609999418258667,0.17759999632835388,0.04280000180006027,0.5019000172615051,0.847100019454956,0.09260000288486481,0.2011999934911728
cluster_17257,Mitochondrion,Mitochondrial transit peptide,Soluble,0.3273000121116638,0.12630000710487366,0.06759999692440033,0.039500001817941666,0.7929999828338623,0.0333000011742115,0.050700001418590546,0.12809999287128448,0.12370000034570694,0.03779999911785126,0.3758000135421753,0.21960000693798065,0.08820000290870667,0.7075999975204468
cluster_12797,Cytoplasm|Extracellular,,Soluble,0.5740000009536743,0.3919999897480011,0.6769000291824341,0.060600001364946365,0.12430000305175781,0.13950000703334808,0.37869998812675476,0.5181999802589417,0.41749998927116394,0.009600000455975533,0.4318999946117401,0.16189999878406525,0.1054999977350235,0.7009000182151794
cluster_281,Cytoplasm|Nucleus,Nuclear localization signal,Soluble,0.5396000146865845,0.6331999897956848,0.09589999914169312,0.06069999933242798,0.049300000071525574,0.004800000227987766,0.21950000524520874,0.14229999482631683,0.31139999628067017,0.06260000169277191,0.41839998960494995,0.12330000102519989,0.031300000846385956,0.7657999992370605
cluster_3346,Endoplasmic reticulum|Golgi apparatus,Signal peptide,Transmembrane,0.24210000038146973,0.13339999318122864,0.12200000137090683,0.23669999837875366,0.06369999796152115,0.014700000174343586,0.8015999794006348,0.5224999785423279,0.656000018119812,0.031700000166893005,0.08489999920129776,0.9052000045776367,0.12129999697208405,0.29339998960494995
cluster_96,Cytoplasm,,Soluble,0.676800012588501,0.17579999566078186,0.05420000106096268,0.1712999939918518,0.18369999527931213,0.027799999341368675,0.16680000722408295,0.3154999911785126,0.1071000024676323,0.05079999938607216,0.3659000098705292,0.10239999741315842,0.09430000185966492,0.8137000203132629
cluster_8461,Cytoplasm,,Soluble,0.6790000200271606,0.32499998807907104,0.2937999963760376,0.17640000581741333,0.1703999936580658,0.1152999997138977,0.1770000010728836,0.19499999284744263,0.3619999885559082,0.05290000140666962,0.3465999960899353,0.2492000013589859,0.06480000168085098,0.7706999778747559
