reaction,n_strains,fraction,category,class
Afu_R106,109,0.5828877005347594,shell,accessory
Afu_R1206,2,0.0106951871657754,cloud,accessory
Afu_R1291,187,1.0,strict_core,core
Afu_R1454,3,0.016042780748663103,cloud,accessory
Afu_R1455,3,0.016042780748663103,cloud,accessory
Afu_R1697,1,0.0053475935828877,strain_specific,accessory
Afu_R1879,184,0.983957219251337,softcore,core
Afu_R2094,109,0.5828877005347594,shell,accessory
Afu_R2110,184,0.983957219251337,softcore,core
Afu_R2477,53,0.28342245989304815,shell,accessory
Afu_R2478,53,0.28342245989304815,shell,accessory
Afu_R2654,2,0.0106951871657754,cloud,accessory
Afu_R2683,2,0.0106951871657754,cloud,accessory
Afu_R2684,2,0.0106951871657754,cloud,accessory
Afu_R2719,2,0.0106951871657754,cloud,accessory
Afu_R2721,2,0.0106951871657754,cloud,accessory
Afu_R2742,2,0.0106951871657754,cloud,accessory
Afu_R2762,186,0.9946524064171123,softcore,core
Afu_R2801,186,0.9946524064171123,softcore,core
Afu_R2803,186,0.9946524064171123,softcore,core
Afu_R2806,186,0.9946524064171123,softcore,core
Afu_R2812,186,0.9946524064171123,softcore,core
Afu_R2818,186,0.9946524064171123,softcore,core
Afu_R2823,186,0.9946524064171123,softcore,core
Afu_R2829,186,0.9946524064171123,softcore,core
Afu_R2831,186,0.9946524064171123,softcore,core
Afu_R2845,186,0.9946524064171123,softcore,core
Afu_R864,186,0.9946524064171123,softcore,core
Afu_R873,186,0.9946524064171123,softcore,core
Afu_R875,186,0.9946524064171123,softcore,core
Afu_R887,186,0.9946524064171123,softcore,core
Afu_R90,1,0.0053475935828877,strain_specific,accessory
Afu_R91,1,0.0053475935828877,strain_specific,accessory
Afu_R99,109,0.5828877005347594,shell,accessory
Ani_r111,187,1.0,strict_core,core
Ani_r1119,1,0.0053475935828877,strain_specific,accessory
Ani_r1180,1,0.0053475935828877,strain_specific,accessory
Ani_r1201,187,1.0,strict_core,core
Ani_r1222,46,0.24598930481283424,shell,accessory
Ani_r1225,187,1.0,strict_core,core
Ani_r1276,22,0.11764705882352941,shell,accessory
Ani_r163a,1,0.0053475935828877,strain_specific,accessory
Ani_r166,187,1.0,strict_core,core
Ani_r189,187,1.0,strict_core,core
Ani_r1902,187,1.0,strict_core,core
Ani_r1918,187,1.0,strict_core,core
Ani_r1936,173,0.9251336898395722,shell,accessory
Ani_r1937,173,0.9251336898395722,shell,accessory
Ani_r1997,187,1.0,strict_core,core
Ani_r2036,7,0.0374331550802139,cloud,accessory
Ani_r2075,1,0.0053475935828877,strain_specific,accessory
Ani_r2102,1,0.0053475935828877,strain_specific,accessory
Ani_r2104,1,0.0053475935828877,strain_specific,accessory
Ani_r2105,1,0.0053475935828877,strain_specific,accessory
Ani_r2106,1,0.0053475935828877,strain_specific,accessory
Ani_r2367,187,1.0,strict_core,core
Ani_r239,187,1.0,strict_core,core
Ani_r240,187,1.0,strict_core,core
Ani_r243,187,1.0,strict_core,core
Ani_r245,187,1.0,strict_core,core
Ani_r253,1,0.0053475935828877,strain_specific,accessory
Ani_r39,187,1.0,strict_core,core
Ani_r528,186,0.9946524064171123,softcore,core
Ani_r529,186,0.9946524064171123,softcore,core
Ani_r563,187,1.0,strict_core,core
Ani_r564,21,0.11229946524064172,shell,accessory
Ani_r569,21,0.11229946524064172,shell,accessory
Ani_r574,21,0.11229946524064172,shell,accessory
Ani_r579,21,0.11229946524064172,shell,accessory
Ani_r584,21,0.11229946524064172,shell,accessory
Ani_r588,187,1.0,strict_core,core
Ani_r589,22,0.11764705882352941,shell,accessory
Ani_r599,22,0.11764705882352941,shell,accessory
Ani_r609,22,0.11764705882352941,shell,accessory
Ani_r618,187,1.0,strict_core,core
Ani_r69a,15,0.08021390374331551,shell,accessory
Ani_r749,187,1.0,strict_core,core
Ani_r759,187,1.0,strict_core,core
Ani_r769,187,1.0,strict_core,core
Ani_r774,187,1.0,strict_core,core
Ani_r779,187,1.0,strict_core,core
Ani_r784,187,1.0,strict_core,core
Ani_r788,187,1.0,strict_core,core
Ani_r792,187,1.0,strict_core,core
Ani_r822,187,1.0,strict_core,core
Ani_r968,187,1.0,strict_core,core
OtherAsp_R00006,187,1.0,strict_core,core
OtherAsp_R00014,187,1.0,strict_core,core
OtherAsp_R00025_EXP_1,187,1.0,strict_core,core
OtherAsp_R00025_EXP_2_Peroxisome_Peroxisome,2,0.0106951871657754,cloud,accessory
OtherAsp_R00026,3,0.016042780748663103,cloud,accessory
OtherAsp_R00068_Extracellular_Extracellular,1,0.0053475935828877,strain_specific,accessory
OtherAsp_R00078_Extracellular_Extracellular,1,0.0053475935828877,strain_specific,accessory
OtherAsp_R00089,2,0.0106951871657754,cloud,accessory
OtherAsp_R00177,1,0.0053475935828877,strain_specific,accessory
OtherAsp_R00179,127,0.679144385026738,shell,accessory
OtherAsp_R00220,2,0.0106951871657754,cloud,accessory
OtherAsp_R00226,187,1.0,strict_core,core
OtherAsp_R00245,38,0.20320855614973263,shell,accessory
OtherAsp_R00261,1,0.0053475935828877,strain_specific,accessory
OtherAsp_R00282,43,0.22994652406417113,shell,accessory
OtherAsp_R00305_EXP_1,4,0.0213903743315508,cloud,accessory
OtherAsp_R00305_EXP_2_Extracellular_Extracellular,1,0.0053475935828877,strain_specific,accessory
OtherAsp_R00306,3,0.016042780748663103,cloud,accessory
OtherAsp_R00366_Peroxisome_Peroxisome,19,0.10160427807486631,shell,accessory
OtherAsp_R00434,2,0.0106951871657754,cloud,accessory
OtherAsp_R00489,1,0.0053475935828877,strain_specific,accessory
OtherAsp_R00497,2,0.0106951871657754,cloud,accessory
OtherAsp_R00524_Peroxisome_Peroxisome,1,0.0053475935828877,strain_specific,accessory
OtherAsp_R00551_Mitochondrion_Mitochondrion,150,0.8021390374331551,shell,accessory
OtherAsp_R00589,2,0.0106951871657754,cloud,accessory
OtherAsp_R00667,1,0.0053475935828877,strain_specific,accessory
OtherAsp_R00697_Peroxisome_Peroxisome,2,0.0106951871657754,cloud,accessory
OtherAsp_R00707,38,0.20320855614973263,shell,accessory
OtherAsp_R00708,38,0.20320855614973263,shell,accessory
OtherAsp_R00713,2,0.0106951871657754,cloud,accessory
OtherAsp_R00714,2,0.0106951871657754,cloud,accessory
OtherAsp_R00746,71,0.37967914438502676,shell,accessory
OtherAsp_R00751,1,0.0053475935828877,strain_specific,accessory
OtherAsp_R00801,25,0.13368983957219252,shell,accessory
OtherAsp_R00801_EXP_1_Extracellular_Extracellular,64,0.3422459893048128,shell,accessory
OtherAsp_R00801_EXP_2_Peroxisome_Peroxisome,1,0.0053475935828877,strain_specific,accessory
OtherAsp_R00802,25,0.13368983957219252,shell,accessory
OtherAsp_R00806,1,0.0053475935828877,strain_specific,accessory
OtherAsp_R00818,187,1.0,strict_core,core
OtherAsp_R00837_Peroxisome_Peroxisome,1,0.0053475935828877,strain_specific,accessory
OtherAsp_R00896,16,0.0855614973262032,shell,accessory
OtherAsp_R00942,1,0.0053475935828877,strain_specific,accessory
OtherAsp_R00943,1,0.0053475935828877,strain_specific,accessory
OtherAsp_R00988,187,1.0,strict_core,core
OtherAsp_R00996,2,0.0106951871657754,cloud,accessory
OtherAsp_R00997,4,0.0213903743315508,cloud,accessory
OtherAsp_R00999_EXP_1,1,0.0053475935828877,strain_specific,accessory
OtherAsp_R00999_EXP_2_Peroxisome_Peroxisome,16,0.0855614973262032,shell,accessory
OtherAsp_R01025_EXP_1,4,0.0213903743315508,cloud,accessory
OtherAsp_R01025_EXP_2_Extracellular_Extracellular,1,0.0053475935828877,strain_specific,accessory
OtherAsp_R01026,28,0.1497326203208556,shell,accessory
OtherAsp_R01026_EXP_1_Extracellular_Extracellular,187,1.0,strict_core,core
OtherAsp_R01036,71,0.37967914438502676,shell,accessory
OtherAsp_R01039,187,1.0,strict_core,core
OtherAsp_R01041,71,0.37967914438502676,shell,accessory
OtherAsp_R01068,4,0.0213903743315508,cloud,accessory
OtherAsp_R01090_Peroxisome_Peroxisome,2,0.0106951871657754,cloud,accessory
OtherAsp_R01093,71,0.37967914438502676,shell,accessory
OtherAsp_R01095,71,0.37967914438502676,shell,accessory
OtherAsp_R01123_Peroxisome_Peroxisome,187,1.0,strict_core,core
OtherAsp_R01151,69,0.3689839572192513,shell,accessory
OtherAsp_R01157_Extracellular_Extracellular,44,0.23529411764705882,shell,accessory
OtherAsp_R01175_Peroxisome_Peroxisome,68,0.36363636363636365,shell,accessory
OtherAsp_R01183_Peroxisome_Peroxisome,2,0.0106951871657754,cloud,accessory
OtherAsp_R01192,87,0.46524064171123,shell,accessory
OtherAsp_R01214_Peroxisome_Peroxisome,2,0.0106951871657754,cloud,accessory
OtherAsp_R01220,1,0.0053475935828877,strain_specific,accessory
OtherAsp_R01230,2,0.0106951871657754,cloud,accessory
OtherAsp_R01231,2,0.0106951871657754,cloud,accessory
OtherAsp_R01238_Mitochondrion_Mitochondrion,12,0.06417112299465241,shell,accessory
OtherAsp_R01244,27,0.1443850267379679,shell,accessory
OtherAsp_R01248,186,0.9946524064171123,softcore,core
OtherAsp_R01251,186,0.9946524064171123,softcore,core
OtherAsp_R01255,3,0.016042780748663103,cloud,accessory
OtherAsp_R01279_Peroxisome_Peroxisome,68,0.36363636363636365,shell,accessory
OtherAsp_R01288_EXP_1,1,0.0053475935828877,strain_specific,accessory
OtherAsp_R01288_EXP_2_Peroxisome_Peroxisome,16,0.0855614973262032,shell,accessory
OtherAsp_R01295,2,0.0106951871657754,cloud,accessory
OtherAsp_R01315,136,0.7272727272727273,shell,accessory
OtherAsp_R01317,136,0.7272727272727273,shell,accessory
OtherAsp_R01348,61,0.32620320855614976,shell,accessory
OtherAsp_R01357_Peroxisome_Peroxisome,141,0.7540106951871658,shell,accessory
OtherAsp_R01360,18,0.0962566844919786,shell,accessory
OtherAsp_R01364,182,0.9732620320855615,softcore,core
OtherAsp_R01404,187,1.0,strict_core,core
OtherAsp_R01431,71,0.37967914438502676,shell,accessory
OtherAsp_R01481,71,0.37967914438502676,shell,accessory
OtherAsp_R01494_Extracellular_Extracellular,5,0.026737967914438502,cloud,accessory
OtherAsp_R01564,2,0.0106951871657754,cloud,accessory
OtherAsp_R01616,91,0.48663101604278075,shell,accessory
OtherAsp_R01624,187,1.0,strict_core,core
OtherAsp_R01645,16,0.0855614973262032,shell,accessory
OtherAsp_R01647,16,0.0855614973262032,shell,accessory
OtherAsp_R01655,1,0.0053475935828877,strain_specific,accessory
OtherAsp_R01657,62,0.3315508021390374,shell,accessory
OtherAsp_R01682,1,0.0053475935828877,strain_specific,accessory
OtherAsp_R01706,185,0.9893048128342246,softcore,core
OtherAsp_R01708,1,0.0053475935828877,strain_specific,accessory
OtherAsp_R01718_EXP_1_Extracellular_Extracellular,64,0.3422459893048128,shell,accessory
OtherAsp_R01718_EXP_2_Peroxisome_Peroxisome,1,0.0053475935828877,strain_specific,accessory
OtherAsp_R01718_EXP_3,1,0.0053475935828877,strain_specific,accessory
OtherAsp_R01758,71,0.37967914438502676,shell,accessory
OtherAsp_R01759,71,0.37967914438502676,shell,accessory
OtherAsp_R01787,71,0.37967914438502676,shell,accessory
OtherAsp_R01802,3,0.016042780748663103,cloud,accessory
OtherAsp_R01829,4,0.0213903743315508,cloud,accessory
OtherAsp_R01878,24,0.12834224598930483,shell,accessory
OtherAsp_R01887,19,0.10160427807486631,shell,accessory
OtherAsp_R01914_Extracellular_Extracellular,1,0.0053475935828877,strain_specific,accessory
OtherAsp_R01939,10,0.053475935828877004,shell,accessory
OtherAsp_R01943,91,0.48663101604278075,shell,accessory
OtherAsp_R01959,187,1.0,strict_core,core
OtherAsp_R02026_EXP_1,1,0.0053475935828877,strain_specific,accessory
OtherAsp_R02026_EXP_2_Peroxisome_Peroxisome,16,0.0855614973262032,shell,accessory
OtherAsp_R02053,136,0.7272727272727273,shell,accessory
OtherAsp_R02055,136,0.7272727272727273,shell,accessory
OtherAsp_R02150,69,0.3689839572192513,shell,accessory
OtherAsp_R02173,69,0.3689839572192513,shell,accessory
OtherAsp_R02194,91,0.48663101604278075,shell,accessory
OtherAsp_R02199_Peroxisome_Peroxisome,2,0.0106951871657754,cloud,accessory
OtherAsp_R02207,71,0.37967914438502676,shell,accessory
OtherAsp_R02209,71,0.37967914438502676,shell,accessory
OtherAsp_R02211,15,0.08021390374331551,shell,accessory
OtherAsp_R02221,91,0.48663101604278075,shell,accessory
OtherAsp_R02222,22,0.11764705882352941,shell,accessory
OtherAsp_R02231,23,0.12299465240641712,shell,accessory
OtherAsp_R02237,1,0.0053475935828877,strain_specific,accessory
OtherAsp_R02255,91,0.48663101604278075,shell,accessory
OtherAsp_R02260,15,0.08021390374331551,shell,accessory
OtherAsp_R02272,1,0.0053475935828877,strain_specific,accessory
OtherAsp_R02354,15,0.08021390374331551,shell,accessory
OtherAsp_R02355,15,0.08021390374331551,shell,accessory
OtherAsp_R02356,187,1.0,strict_core,core
OtherAsp_R02382,71,0.37967914438502676,shell,accessory
OtherAsp_R02401,2,0.0106951871657754,cloud,accessory
OtherAsp_R02410,25,0.13368983957219252,shell,accessory
OtherAsp_R02412,66,0.35294117647058826,shell,accessory
OtherAsp_R02413,66,0.35294117647058826,shell,accessory
OtherAsp_R02433,16,0.0855614973262032,shell,accessory
OtherAsp_R02457_Peroxisome_Peroxisome,19,0.10160427807486631,shell,accessory
OtherAsp_R02466,1,0.0053475935828877,strain_specific,accessory
OtherAsp_R02472,4,0.0213903743315508,cloud,accessory
OtherAsp_R02485,24,0.12834224598930483,shell,accessory
OtherAsp_R02508_EXP_1,1,0.0053475935828877,strain_specific,accessory
OtherAsp_R02508_EXP_2_Peroxisome_Peroxisome,16,0.0855614973262032,shell,accessory
OtherAsp_R02531,71,0.37967914438502676,shell,accessory
OtherAsp_R02534,2,0.0106951871657754,cloud,accessory
OtherAsp_R02540,34,0.18181818181818182,shell,accessory
OtherAsp_R02542_Extracellular_Extracellular,187,1.0,strict_core,core
OtherAsp_R02558,3,0.016042780748663103,cloud,accessory
OtherAsp_R02568,4,0.0213903743315508,cloud,accessory
OtherAsp_R02577,71,0.37967914438502676,shell,accessory
OtherAsp_R02613,71,0.37967914438502676,shell,accessory
OtherAsp_R02619,16,0.0855614973262032,shell,accessory
OtherAsp_R02661_Peroxisome_Peroxisome,68,0.36363636363636365,shell,accessory
OtherAsp_R02756,50,0.26737967914438504,shell,accessory
OtherAsp_R02887,3,0.016042780748663103,cloud,accessory
OtherAsp_R02894_Peroxisome_Peroxisome,19,0.10160427807486631,shell,accessory
OtherAsp_R02920,2,0.0106951871657754,cloud,accessory
OtherAsp_R02923_Peroxisome_Peroxisome,19,0.10160427807486631,shell,accessory
OtherAsp_R02952_Mitochondrion_Mitochondrion,12,0.06417112299465241,shell,accessory
OtherAsp_R02984,1,0.0053475935828877,strain_specific,accessory
OtherAsp_R02985,3,0.016042780748663103,cloud,accessory
OtherAsp_R03050,187,1.0,strict_core,core
OtherAsp_R03084,66,0.35294117647058826,shell,accessory
OtherAsp_R03089,15,0.08021390374331551,shell,accessory
OtherAsp_R03093,19,0.10160427807486631,shell,accessory
OtherAsp_R03096,34,0.18181818181818182,shell,accessory
OtherAsp_R03098,112,0.5989304812834224,shell,accessory
OtherAsp_R03111,90,0.48128342245989303,shell,accessory
OtherAsp_R03139,71,0.37967914438502676,shell,accessory
OtherAsp_R03172_Peroxisome_Peroxisome,68,0.36363636363636365,shell,accessory
OtherAsp_R03180,34,0.18181818181818182,shell,accessory
OtherAsp_R03217_EXP_1,1,0.0053475935828877,strain_specific,accessory
OtherAsp_R03217_EXP_2_Peroxisome_Peroxisome,16,0.0855614973262032,shell,accessory
OtherAsp_R03260_EXP_2_Peroxisome_Peroxisome,16,0.0855614973262032,shell,accessory
OtherAsp_R03291,186,0.9946524064171123,softcore,core
OtherAsp_R03293,186,0.9946524064171123,softcore,core
OtherAsp_R03304,2,0.0106951871657754,cloud,accessory
OtherAsp_R03325,71,0.37967914438502676,shell,accessory
OtherAsp_R03353,187,1.0,strict_core,core
OtherAsp_R03361,1,0.0053475935828877,strain_specific,accessory
OtherAsp_R03367_Mitochondrion_Mitochondrion,12,0.06417112299465241,shell,accessory
OtherAsp_R03383,90,0.48128342245989303,shell,accessory
OtherAsp_R03383_EXP_2_Peroxisome_Peroxisome,187,1.0,strict_core,core
OtherAsp_R03408,187,1.0,strict_core,core
OtherAsp_R03460,66,0.35294117647058826,shell,accessory
OtherAsp_R03527,3,0.016042780748663103,cloud,accessory
OtherAsp_R03542,19,0.10160427807486631,shell,accessory
OtherAsp_R03599,20,0.10695187165775401,shell,accessory
OtherAsp_R03629,16,0.0855614973262032,shell,accessory
OtherAsp_R03635,25,0.13368983957219252,shell,accessory
OtherAsp_R03648,60,0.32085561497326204,shell,accessory
OtherAsp_R03650,2,0.0106951871657754,cloud,accessory
OtherAsp_R03661,54,0.2887700534759358,shell,accessory
OtherAsp_R03777_Peroxisome_Peroxisome,68,0.36363636363636365,shell,accessory
OtherAsp_R03783,15,0.08021390374331551,shell,accessory
OtherAsp_R03857_Peroxisome_Peroxisome,68,0.36363636363636365,shell,accessory
OtherAsp_R03875,129,0.6898395721925134,shell,accessory
OtherAsp_R03909,34,0.18181818181818182,shell,accessory
OtherAsp_R03921,25,0.13368983957219252,shell,accessory
OtherAsp_R03990_Peroxisome_Peroxisome,68,0.36363636363636365,shell,accessory
OtherAsp_R04027,71,0.37967914438502676,shell,accessory
OtherAsp_R04095_Peroxisome_Peroxisome,68,0.36363636363636365,shell,accessory
OtherAsp_R04121,1,0.0053475935828877,strain_specific,accessory
OtherAsp_R04221_Peroxisome_Peroxisome,19,0.10160427807486631,shell,accessory
OtherAsp_R04241,1,0.0053475935828877,strain_specific,accessory
OtherAsp_R04285,71,0.37967914438502676,shell,accessory
OtherAsp_R04300,71,0.37967914438502676,shell,accessory
OtherAsp_R04301,2,0.0106951871657754,cloud,accessory
OtherAsp_R04355,185,0.9893048128342246,softcore,core
OtherAsp_R04360,50,0.26737967914438504,shell,accessory
OtherAsp_R04374,3,0.016042780748663103,cloud,accessory
OtherAsp_R04390,112,0.5989304812834224,shell,accessory
OtherAsp_R04427,24,0.12834224598930483,shell,accessory
OtherAsp_R04430,187,1.0,strict_core,core
OtherAsp_R04444,38,0.20320855614973263,shell,accessory
OtherAsp_R04445,38,0.20320855614973263,shell,accessory
OtherAsp_R04452,69,0.3689839572192513,shell,accessory
OtherAsp_R04533,185,0.9893048128342246,softcore,core
OtherAsp_R04533_EXP_2_Peroxisome_Peroxisome,1,0.0053475935828877,strain_specific,accessory
OtherAsp_R04534_EXP_2_Peroxisome_Peroxisome,1,0.0053475935828877,strain_specific,accessory
OtherAsp_R04536,185,0.9893048128342246,softcore,core
OtherAsp_R04536_EXP_2_Peroxisome_Peroxisome,1,0.0053475935828877,strain_specific,accessory
OtherAsp_R04543,185,0.9893048128342246,softcore,core
OtherAsp_R04543_EXP_2_Peroxisome_Peroxisome,1,0.0053475935828877,strain_specific,accessory
OtherAsp_R04566,185,0.9893048128342246,softcore,core
OtherAsp_R04566_EXP_2_Peroxisome_Peroxisome,1,0.0053475935828877,strain_specific,accessory
OtherAsp_R04672,187,1.0,strict_core,core
OtherAsp_R04673,187,1.0,strict_core,core
OtherAsp_R04674,69,0.3689839572192513,shell,accessory
OtherAsp_R04725,187,1.0,strict_core,core
OtherAsp_R04726,185,0.9893048128342246,softcore,core
OtherAsp_R04751_Peroxisome_Peroxisome,68,0.36363636363636365,shell,accessory
OtherAsp_R04754_Peroxisome_Peroxisome,68,0.36363636363636365,shell,accessory
OtherAsp_R04762,2,0.0106951871657754,cloud,accessory
OtherAsp_R04764,2,0.0106951871657754,cloud,accessory
OtherAsp_R04771,1,0.0053475935828877,strain_specific,accessory
OtherAsp_R04804,187,1.0,strict_core,core
OtherAsp_R04852,15,0.08021390374331551,shell,accessory
OtherAsp_R04853,15,0.08021390374331551,shell,accessory
OtherAsp_R04863,112,0.5989304812834224,shell,accessory
OtherAsp_R04866,129,0.6898395721925134,shell,accessory
OtherAsp_R04867,129,0.6898395721925134,shell,accessory
OtherAsp_R04870,114,0.6096256684491979,shell,accessory
OtherAsp_R04881,2,0.0106951871657754,cloud,accessory
OtherAsp_R04887,2,0.0106951871657754,cloud,accessory
OtherAsp_R04911,187,1.0,strict_core,core
OtherAsp_R04944_EXP_1,1,0.0053475935828877,strain_specific,accessory
OtherAsp_R04944_EXP_2_Peroxisome_Peroxisome,16,0.0855614973262032,shell,accessory
OtherAsp_R04945_EXP_1,1,0.0053475935828877,strain_specific,accessory
OtherAsp_R04945_EXP_2_Peroxisome_Peroxisome,16,0.0855614973262032,shell,accessory
OtherAsp_R04946_EXP_1,1,0.0053475935828877,strain_specific,accessory
OtherAsp_R04946_EXP_2_Peroxisome_Peroxisome,16,0.0855614973262032,shell,accessory
OtherAsp_R04949,3,0.016042780748663103,cloud,accessory
OtherAsp_R04952,185,0.9893048128342246,softcore,core
OtherAsp_R04953,185,0.9893048128342246,softcore,core
OtherAsp_R04953_EXP_2_Peroxisome_Peroxisome,1,0.0053475935828877,strain_specific,accessory
OtherAsp_R04956,187,1.0,strict_core,core
OtherAsp_R04957,185,0.9893048128342246,softcore,core
OtherAsp_R04959,187,1.0,strict_core,core
OtherAsp_R04960,185,0.9893048128342246,softcore,core
OtherAsp_R04962,187,1.0,strict_core,core
OtherAsp_R04963,185,0.9893048128342246,softcore,core
OtherAsp_R04964,185,0.9893048128342246,softcore,core
OtherAsp_R04964_EXP_2_Peroxisome_Peroxisome,1,0.0053475935828877,strain_specific,accessory
OtherAsp_R04967,187,1.0,strict_core,core
OtherAsp_R04968,185,0.9893048128342246,softcore,core
OtherAsp_R04970,187,1.0,strict_core,core
OtherAsp_R04986_Mitochondrion_Mitochondrion,12,0.06417112299465241,shell,accessory
OtherAsp_R04998,3,0.016042780748663103,cloud,accessory
OtherAsp_R05051,38,0.20320855614973263,shell,accessory
OtherAsp_R05052,16,0.0855614973262032,shell,accessory
OtherAsp_R05188,185,0.9893048128342246,softcore,core
OtherAsp_R05190,3,0.016042780748663103,cloud,accessory
OtherAsp_R05231,71,0.37967914438502676,shell,accessory
OtherAsp_R05259,1,0.0053475935828877,strain_specific,accessory
OtherAsp_R05487,15,0.08021390374331551,shell,accessory
OtherAsp_R05551,34,0.18181818181818182,shell,accessory
OtherAsp_R05578,54,0.2887700534759358,shell,accessory
OtherAsp_R05590,34,0.18181818181818182,shell,accessory
OtherAsp_R05591,19,0.10160427807486631,shell,accessory
OtherAsp_R05632,187,1.0,strict_core,core
OtherAsp_R05799,187,1.0,strict_core,core
OtherAsp_R05842_Peroxisome_Peroxisome,187,1.0,strict_core,core
OtherAsp_R05922,1,0.0053475935828877,strain_specific,accessory
OtherAsp_R06088,25,0.13368983957219252,shell,accessory
OtherAsp_R06113_Peroxisome_Peroxisome,1,0.0053475935828877,strain_specific,accessory
OtherAsp_R06154,71,0.37967914438502676,shell,accessory
OtherAsp_R06171,1,0.0053475935828877,strain_specific,accessory
OtherAsp_R06199_EXP_1_Extracellular_Extracellular,64,0.3422459893048128,shell,accessory
OtherAsp_R06199_EXP_2_Peroxisome_Peroxisome,1,0.0053475935828877,strain_specific,accessory
OtherAsp_R06199_EXP_3,1,0.0053475935828877,strain_specific,accessory
OtherAsp_R06214,87,0.46524064171123,shell,accessory
OtherAsp_R06291,2,0.0106951871657754,cloud,accessory
OtherAsp_R06292,2,0.0106951871657754,cloud,accessory
OtherAsp_R06293,2,0.0106951871657754,cloud,accessory
OtherAsp_R06363_Extracellular_Extracellular,1,0.0053475935828877,strain_specific,accessory
OtherAsp_R06518_EXP_1,27,0.1443850267379679,shell,accessory
OtherAsp_R06518_EXP_2_Extracellular_Extracellular,5,0.026737967914438502,cloud,accessory
OtherAsp_R06528_Extracellular_Extracellular,5,0.026737967914438502,cloud,accessory
OtherAsp_R06583,91,0.48663101604278075,shell,accessory
OtherAsp_R06622,23,0.12299465240641712,shell,accessory
OtherAsp_R06740,71,0.37967914438502676,shell,accessory
OtherAsp_R06915,187,1.0,strict_core,core
OtherAsp_R06936,187,1.0,strict_core,core
OtherAsp_R06939,187,1.0,strict_core,core
OtherAsp_R07000,15,0.08021390374331551,shell,accessory
OtherAsp_R07001,15,0.08021390374331551,shell,accessory
OtherAsp_R07013_EXP_1_Extracellular_Extracellular,109,0.5828877005347594,shell,accessory
OtherAsp_R07013_EXP_2,1,0.0053475935828877,strain_specific,accessory
OtherAsp_R07014_EXP_1_Extracellular_Extracellular,109,0.5828877005347594,shell,accessory
OtherAsp_R07014_EXP_2,1,0.0053475935828877,strain_specific,accessory
OtherAsp_R07015,71,0.37967914438502676,shell,accessory
OtherAsp_R07021,15,0.08021390374331551,shell,accessory
OtherAsp_R07022,15,0.08021390374331551,shell,accessory
OtherAsp_R07027_EXP_1_Extracellular_Extracellular,109,0.5828877005347594,shell,accessory
OtherAsp_R07027_EXP_2,1,0.0053475935828877,strain_specific,accessory
OtherAsp_R07041,61,0.32620320855614976,shell,accessory
OtherAsp_R07042,15,0.08021390374331551,shell,accessory
OtherAsp_R07043,15,0.08021390374331551,shell,accessory
OtherAsp_R07044,15,0.08021390374331551,shell,accessory
OtherAsp_R07045,15,0.08021390374331551,shell,accessory
OtherAsp_R07046,61,0.32620320855614976,shell,accessory
OtherAsp_R07048,15,0.08021390374331551,shell,accessory
OtherAsp_R07050,15,0.08021390374331551,shell,accessory
OtherAsp_R07051,15,0.08021390374331551,shell,accessory
OtherAsp_R07052,15,0.08021390374331551,shell,accessory
OtherAsp_R07055,187,1.0,strict_core,core
OtherAsp_R07056,187,1.0,strict_core,core
OtherAsp_R07064,136,0.7272727272727273,shell,accessory
OtherAsp_R07071_EXP_1_Extracellular_Extracellular,109,0.5828877005347594,shell,accessory
OtherAsp_R07071_EXP_2,1,0.0053475935828877,strain_specific,accessory
OtherAsp_R07072_EXP_1_Extracellular_Extracellular,109,0.5828877005347594,shell,accessory
OtherAsp_R07072_EXP_2,1,0.0053475935828877,strain_specific,accessory
OtherAsp_R07079,15,0.08021390374331551,shell,accessory
OtherAsp_R07080,15,0.08021390374331551,shell,accessory
OtherAsp_R07081,15,0.08021390374331551,shell,accessory
OtherAsp_R07082_EXP_1_Extracellular_Extracellular,109,0.5828877005347594,shell,accessory
OtherAsp_R07082_EXP_2,1,0.0053475935828877,strain_specific,accessory
OtherAsp_R07085,15,0.08021390374331551,shell,accessory
OtherAsp_R07087,15,0.08021390374331551,shell,accessory
OtherAsp_R07098,15,0.08021390374331551,shell,accessory
OtherAsp_R07099,15,0.08021390374331551,shell,accessory
OtherAsp_R07108_Peroxisome_Peroxisome,187,1.0,strict_core,core
OtherAsp_R07109_Peroxisome_Peroxisome,187,1.0,strict_core,core
OtherAsp_R07110_Peroxisome_Peroxisome,187,1.0,strict_core,core
OtherAsp_R07111_Peroxisome_Peroxisome,187,1.0,strict_core,core
OtherAsp_R07253,124,0.6631016042780749,shell,accessory
OtherAsp_R07379,136,0.7272727272727273,shell,accessory
OtherAsp_R07387,136,0.7272727272727273,shell,accessory
OtherAsp_R07400_Peroxisome_Peroxisome,19,0.10160427807486631,shell,accessory
OtherAsp_R07413_Extracellular_Extracellular,15,0.08021390374331551,shell,accessory
OtherAsp_R07481,24,0.12834224598930483,shell,accessory
OtherAsp_R07484,187,1.0,strict_core,core
OtherAsp_R07506,1,0.0053475935828877,strain_specific,accessory
OtherAsp_R07763_EXP_1,1,0.0053475935828877,strain_specific,accessory
OtherAsp_R07763_EXP_2_Peroxisome_Peroxisome,1,0.0053475935828877,strain_specific,accessory
OtherAsp_R07808_Extracellular_Extracellular,1,0.0053475935828877,strain_specific,accessory
OtherAsp_R07819_Extracellular_Extracellular,1,0.0053475935828877,strain_specific,accessory
OtherAsp_R07855,19,0.10160427807486631,shell,accessory
OtherAsp_R07859,136,0.7272727272727273,shell,accessory
OtherAsp_R07887,90,0.48128342245989303,shell,accessory
OtherAsp_R08090,18,0.0962566844919786,shell,accessory
OtherAsp_R08148,15,0.08021390374331551,shell,accessory
OtherAsp_R08159,185,0.9893048128342246,softcore,core
OtherAsp_R08220_Extracellular_Extracellular,10,0.053475935828877004,shell,accessory
OtherAsp_R08221,24,0.12834224598930483,shell,accessory
OtherAsp_R08244,2,0.0106951871657754,cloud,accessory
OtherAsp_R08255_Extracellular_Extracellular,10,0.053475935828877004,shell,accessory
OtherAsp_R08258_Extracellular_Extracellular,10,0.053475935828877004,shell,accessory
OtherAsp_R08390,187,1.0,strict_core,core
OtherAsp_R08391,187,1.0,strict_core,core
OtherAsp_R08392,187,1.0,strict_core,core
OtherAsp_R08517,15,0.08021390374331551,shell,accessory
OtherAsp_R08518,15,0.08021390374331551,shell,accessory
OtherAsp_R08599,21,0.11229946524064172,shell,accessory
OtherAsp_R08622_Peroxisome_Peroxisome,2,0.0106951871657754,cloud,accessory
OtherAsp_R08626_Peroxisome_Peroxisome,2,0.0106951871657754,cloud,accessory
OtherAsp_R08648,187,1.0,strict_core,core
OtherAsp_R08958,71,0.37967914438502676,shell,accessory
OtherAsp_R08959,71,0.37967914438502676,shell,accessory
OtherAsp_R08964,187,1.0,strict_core,core
OtherAsp_R09076_Extracellular_Extracellular,1,0.0053475935828877,strain_specific,accessory
OtherAsp_R09410_EXP_1_Extracellular_Extracellular,109,0.5828877005347594,shell,accessory
OtherAsp_R09410_EXP_2,1,0.0053475935828877,strain_specific,accessory
OtherAsp_R09417_EXP_1_Extracellular_Extracellular,109,0.5828877005347594,shell,accessory
OtherAsp_R09417_EXP_2,1,0.0053475935828877,strain_specific,accessory
OtherAsp_R09418,15,0.08021390374331551,shell,accessory
OtherAsp_R09420,71,0.37967914438502676,shell,accessory
OtherAsp_R09423,15,0.08021390374331551,shell,accessory
OtherAsp_R09442,15,0.08021390374331551,shell,accessory
OtherAsp_R09443_EXP_1_Extracellular_Extracellular,109,0.5828877005347594,shell,accessory
OtherAsp_R09443_EXP_2,1,0.0053475935828877,strain_specific,accessory
OtherAsp_R09951_Peroxisome_Peroxisome,2,0.0106951871657754,cloud,accessory
OtherAsp_R10035,3,0.016042780748663103,cloud,accessory
OtherAsp_R10039,3,0.016042780748663103,cloud,accessory
OtherAsp_R10040,3,0.016042780748663103,cloud,accessory
OtherAsp_R10066,2,0.0106951871657754,cloud,accessory
OtherAsp_R10116_EXP_1,1,0.0053475935828877,strain_specific,accessory
OtherAsp_R10116_EXP_2_Peroxisome_Peroxisome,1,0.0053475935828877,strain_specific,accessory
OtherAsp_R10120_EXP_1,1,0.0053475935828877,strain_specific,accessory
OtherAsp_R10120_EXP_2_Peroxisome_Peroxisome,1,0.0053475935828877,strain_specific,accessory
OtherAsp_R10239,55,0.29411764705882354,shell,accessory
OtherAsp_R10307,90,0.48128342245989303,shell,accessory
OtherAsp_R10317,187,1.0,strict_core,core
OtherAsp_R10318,187,1.0,strict_core,core
OtherAsp_R10321,187,1.0,strict_core,core
OtherAsp_R10350,2,0.0106951871657754,cloud,accessory
OtherAsp_R10351,2,0.0106951871657754,cloud,accessory
OtherAsp_R10416,24,0.12834224598930483,shell,accessory
OtherAsp_R10445,1,0.0053475935828877,strain_specific,accessory
OtherAsp_R10477,1,0.0053475935828877,strain_specific,accessory
OtherAsp_R10478,1,0.0053475935828877,strain_specific,accessory
OtherAsp_R10479,187,1.0,strict_core,core
OtherAsp_R10563,71,0.37967914438502676,shell,accessory
OtherAsp_R10588,105,0.5614973262032086,shell,accessory
OtherAsp_R10661,94,0.5026737967914439,shell,accessory
OtherAsp_R10700,3,0.016042780748663103,cloud,accessory
OtherAsp_R10925,15,0.08021390374331551,shell,accessory
OtherAsp_R10991_Peroxisome_Peroxisome,2,0.0106951871657754,cloud,accessory
OtherAsp_R10994,2,0.0106951871657754,cloud,accessory
OtherAsp_R11225_Mitochondrion_Mitochondrion,12,0.06417112299465241,shell,accessory
OtherAsp_R11528,20,0.10695187165775401,shell,accessory
OtherAsp_R11671_EXP_1,1,0.0053475935828877,strain_specific,accessory
OtherAsp_R11671_EXP_2_Peroxisome_Peroxisome,1,0.0053475935828877,strain_specific,accessory
OtherAsp_R11679,112,0.5989304812834224,shell,accessory
OtherAsp_R11723,90,0.48128342245989303,shell,accessory
OtherAsp_R11764,71,0.37967914438502676,shell,accessory
OtherAsp_R11932,136,0.7272727272727273,shell,accessory
OtherAsp_R11957,90,0.48128342245989303,shell,accessory
OtherAsp_R12173,22,0.11764705882352941,shell,accessory
OtherAsp_R12300,90,0.48128342245989303,shell,accessory
OtherAsp_R12300_EXP_2_Peroxisome_Peroxisome,187,1.0,strict_core,core
OtherAsp_R12413,94,0.5026737967914439,shell,accessory
OtherAsp_R12415_EXP_1_Mitochondrion_Mitochondrion,51,0.2727272727272727,shell,accessory
OtherAsp_R12415_EXP_2,1,0.0053475935828877,strain_specific,accessory
OtherAsp_R12417,116,0.6203208556149733,shell,accessory
OtherAsp_R12418,187,1.0,strict_core,core
OtherAsp_R12419,94,0.5026737967914439,shell,accessory
OtherAsp_R12436,94,0.5026737967914439,shell,accessory
OtherAsp_R12828,1,0.0053475935828877,strain_specific,accessory
OtherAsp_R12885,66,0.35294117647058826,shell,accessory
OtherAsp_R12895_Mitochondrion_Mitochondrion,12,0.06417112299465241,shell,accessory
OtherAsp_R13051,3,0.016042780748663103,cloud,accessory
OtherAsp_R13052,3,0.016042780748663103,cloud,accessory
OtherAsp_R13065,3,0.016042780748663103,cloud,accessory
OtherAsp_R13081,3,0.016042780748663103,cloud,accessory
r1,187,1.0,strict_core,core
r100,187,1.0,strict_core,core
r1000,187,1.0,strict_core,core
r1001,187,1.0,strict_core,core
r1002,187,1.0,strict_core,core
r1006,187,1.0,strict_core,core
r1007,187,1.0,strict_core,core
r1008,187,1.0,strict_core,core
r101,187,1.0,strict_core,core
r102,187,1.0,strict_core,core
r1021,187,1.0,strict_core,core
r1024,187,1.0,strict_core,core
r1025,187,1.0,strict_core,core
r1026,187,1.0,strict_core,core
r1027,187,1.0,strict_core,core
r1029,187,1.0,strict_core,core
r103,187,1.0,strict_core,core
r1030,187,1.0,strict_core,core
r1031,187,1.0,strict_core,core
r1032,187,1.0,strict_core,core
r1033,187,1.0,strict_core,core
r1034,187,1.0,strict_core,core
r1035,187,1.0,strict_core,core
r1036,187,1.0,strict_core,core
r1038,187,1.0,strict_core,core
r104,187,1.0,strict_core,core
r1040,187,1.0,strict_core,core
r1042,187,1.0,strict_core,core
r1043,187,1.0,strict_core,core
r1044,187,1.0,strict_core,core
r1045,184,0.983957219251337,softcore,core
r1046,187,1.0,strict_core,core
r1049,187,1.0,strict_core,core
r105,187,1.0,strict_core,core
r1052,187,1.0,strict_core,core
r1055,187,1.0,strict_core,core
r1058,187,1.0,strict_core,core
r106,187,1.0,strict_core,core
r1061,187,1.0,strict_core,core
r1063,187,1.0,strict_core,core
r1064,187,1.0,strict_core,core
r1065,187,1.0,strict_core,core
r1066,187,1.0,strict_core,core
r1068,187,1.0,strict_core,core
r1069,187,1.0,strict_core,core
r107,187,1.0,strict_core,core
r1070,187,1.0,strict_core,core
r1071,186,0.9946524064171123,softcore,core
r1072,186,0.9946524064171123,softcore,core
r1073,187,1.0,strict_core,core
r1074,187,1.0,strict_core,core
r1075,187,1.0,strict_core,core
r1078,187,1.0,strict_core,core
r1079,187,1.0,strict_core,core
r1080,187,1.0,strict_core,core
r1081,187,1.0,strict_core,core
r1082,187,1.0,strict_core,core
r1083,186,0.9946524064171123,softcore,core
r1084,187,1.0,strict_core,core
r1086,187,1.0,strict_core,core
r1088,187,1.0,strict_core,core
r1089,187,1.0,strict_core,core
r1090,187,1.0,strict_core,core
r1091,187,1.0,strict_core,core
r1092,187,1.0,strict_core,core
r1093,169,0.9037433155080213,shell,accessory
r1094,169,0.9037433155080213,shell,accessory
r1097,187,1.0,strict_core,core
r1098,187,1.0,strict_core,core
r1099,187,1.0,strict_core,core
r11,187,1.0,strict_core,core
r110,187,1.0,strict_core,core
r1100,187,1.0,strict_core,core
r1101,187,1.0,strict_core,core
r1102,187,1.0,strict_core,core
r1103,187,1.0,strict_core,core
r1106,187,1.0,strict_core,core
r1108,187,1.0,strict_core,core
r1109,187,1.0,strict_core,core
r1110,187,1.0,strict_core,core
r1111,187,1.0,strict_core,core
r1113,187,1.0,strict_core,core
r1114,187,1.0,strict_core,core
r1115,187,1.0,strict_core,core
r1118,187,1.0,strict_core,core
r1119,187,1.0,strict_core,core
r112,187,1.0,strict_core,core
r1120,187,1.0,strict_core,core
r1121,187,1.0,strict_core,core
r1122,187,1.0,strict_core,core
r1123,187,1.0,strict_core,core
r1124,187,1.0,strict_core,core
r1125,187,1.0,strict_core,core
r1126,187,1.0,strict_core,core
r1127,187,1.0,strict_core,core
r1128,187,1.0,strict_core,core
r1129,187,1.0,strict_core,core
r1130,187,1.0,strict_core,core
r1131,187,1.0,strict_core,core
r1132,187,1.0,strict_core,core
r1133,187,1.0,strict_core,core
r1134,187,1.0,strict_core,core
r1135,187,1.0,strict_core,core
r1136,187,1.0,strict_core,core
r1137,187,1.0,strict_core,core
r1138,187,1.0,strict_core,core
r1139,187,1.0,strict_core,core
r1140,187,1.0,strict_core,core
r1141,187,1.0,strict_core,core
r1142,187,1.0,strict_core,core
r1143,187,1.0,strict_core,core
r1144,187,1.0,strict_core,core
r1148,187,1.0,strict_core,core
r1149,187,1.0,strict_core,core
r115,187,1.0,strict_core,core
r1150,187,1.0,strict_core,core
r1151,187,1.0,strict_core,core
r1152,187,1.0,strict_core,core
r1153,187,1.0,strict_core,core
r1154,187,1.0,strict_core,core
r1155,187,1.0,strict_core,core
r1156,187,1.0,strict_core,core
r1157,187,1.0,strict_core,core
r1158,187,1.0,strict_core,core
r1159,187,1.0,strict_core,core
r1160,187,1.0,strict_core,core
r1161,187,1.0,strict_core,core
r1162,187,1.0,strict_core,core
r1163,187,1.0,strict_core,core
r1164,187,1.0,strict_core,core
r1165,187,1.0,strict_core,core
r1166,187,1.0,strict_core,core
r1167,187,1.0,strict_core,core
r1168,187,1.0,strict_core,core
r1169,187,1.0,strict_core,core
r1170,187,1.0,strict_core,core
r1171,187,1.0,strict_core,core
r1172,187,1.0,strict_core,core
r1173,187,1.0,strict_core,core
r1175,187,1.0,strict_core,core
r1177,187,1.0,strict_core,core
r1178,186,0.9946524064171123,softcore,core
r1179,186,0.9946524064171123,softcore,core
r1181,187,1.0,strict_core,core
r1183,187,1.0,strict_core,core
r1184,187,1.0,strict_core,core
r1187,187,1.0,strict_core,core
r1188,187,1.0,strict_core,core
r1189,187,1.0,strict_core,core
r119,187,1.0,strict_core,core
r1190,187,1.0,strict_core,core
r1192,187,1.0,strict_core,core
r1194,86,0.45989304812834225,shell,accessory
r1195,187,1.0,strict_core,core
r1196,187,1.0,strict_core,core
r1197,187,1.0,strict_core,core
r1199,187,1.0,strict_core,core
r12,187,1.0,strict_core,core
r120,187,1.0,strict_core,core
r1201,86,0.45989304812834225,shell,accessory
r1202,187,1.0,strict_core,core
r1203,187,1.0,strict_core,core
r1204,187,1.0,strict_core,core
r1206,187,1.0,strict_core,core
r1208,86,0.45989304812834225,shell,accessory
r1209,187,1.0,strict_core,core
r121,187,1.0,strict_core,core
r1210,187,1.0,strict_core,core
r1211,187,1.0,strict_core,core
r1213,187,1.0,strict_core,core
r1215,86,0.45989304812834225,shell,accessory
r1216,187,1.0,strict_core,core
r1217,187,1.0,strict_core,core
r1218,187,1.0,strict_core,core
r1220,187,1.0,strict_core,core
r1222,86,0.45989304812834225,shell,accessory
r1223,187,1.0,strict_core,core
r1224,187,1.0,strict_core,core
r1225,187,1.0,strict_core,core
r1227,187,1.0,strict_core,core
r1229,86,0.45989304812834225,shell,accessory
r123,187,1.0,strict_core,core
r1230,187,1.0,strict_core,core
r1231,187,1.0,strict_core,core
r1232,187,1.0,strict_core,core
r1234,187,1.0,strict_core,core
r1236,86,0.45989304812834225,shell,accessory
r1237,187,1.0,strict_core,core
r1238,187,1.0,strict_core,core
r1239,187,1.0,strict_core,core
r124,187,1.0,strict_core,core
r1241,187,1.0,strict_core,core
r1243,86,0.45989304812834225,shell,accessory
r1244,187,1.0,strict_core,core
r1248,187,1.0,strict_core,core
r1250,187,1.0,strict_core,core
r1251,187,1.0,strict_core,core
r1255,187,1.0,strict_core,core
r1257,187,1.0,strict_core,core
r1259,187,1.0,strict_core,core
r1261,187,1.0,strict_core,core
r1263,187,1.0,strict_core,core
r1265,187,1.0,strict_core,core
r1267,187,1.0,strict_core,core
r1269,187,1.0,strict_core,core
r1271,187,1.0,strict_core,core
r1273,187,1.0,strict_core,core
r1275,187,1.0,strict_core,core
r1277,187,1.0,strict_core,core
r1279,187,1.0,strict_core,core
r1281,187,1.0,strict_core,core
r1283,187,1.0,strict_core,core
r1288,187,1.0,strict_core,core
r129,187,1.0,strict_core,core
r1293,187,1.0,strict_core,core
r1298,187,1.0,strict_core,core
r13,187,1.0,strict_core,core
r130,187,1.0,strict_core,core
r1303,187,1.0,strict_core,core
r1308,187,1.0,strict_core,core
r131,187,1.0,strict_core,core
r1313,187,1.0,strict_core,core
r1318,187,1.0,strict_core,core
r132,187,1.0,strict_core,core
r1323,187,1.0,strict_core,core
r1328,187,1.0,strict_core,core
r133,187,1.0,strict_core,core
r1333,187,1.0,strict_core,core
r1338,187,1.0,strict_core,core
r1343,187,1.0,strict_core,core
r1348,187,1.0,strict_core,core
r135,187,1.0,strict_core,core
r1353,187,1.0,strict_core,core
r1355,187,1.0,strict_core,core
r1356,187,1.0,strict_core,core
r1357,186,0.9946524064171123,softcore,core
r1358,187,1.0,strict_core,core
r1359,187,1.0,strict_core,core
r136,187,1.0,strict_core,core
r1361,187,1.0,strict_core,core
r1362,187,1.0,strict_core,core
r1363,186,0.9946524064171123,softcore,core
r1364,187,1.0,strict_core,core
r1365,187,1.0,strict_core,core
r1367,187,1.0,strict_core,core
r1368,187,1.0,strict_core,core
r1369,186,0.9946524064171123,softcore,core
r1370,187,1.0,strict_core,core
r1371,187,1.0,strict_core,core
r1373,187,1.0,strict_core,core
r1374,187,1.0,strict_core,core
r1375,186,0.9946524064171123,softcore,core
r1376,187,1.0,strict_core,core
r1377,187,1.0,strict_core,core
r1379,187,1.0,strict_core,core
r138,187,1.0,strict_core,core
r1380,187,1.0,strict_core,core
r1381,186,0.9946524064171123,softcore,core
r1382,187,1.0,strict_core,core
r1383,187,1.0,strict_core,core
r1385,187,1.0,strict_core,core
r1386,187,1.0,strict_core,core
r1387,186,0.9946524064171123,softcore,core
r1388,187,1.0,strict_core,core
r1389,138,0.7379679144385026,shell,accessory
r139,187,1.0,strict_core,core
r1390,187,1.0,strict_core,core
r1391,187,1.0,strict_core,core
r1392,186,0.9946524064171123,softcore,core
r1393,187,1.0,strict_core,core
r1394,138,0.7379679144385026,shell,accessory
r1395,187,1.0,strict_core,core
r1396,187,1.0,strict_core,core
r1397,186,0.9946524064171123,softcore,core
r1398,187,1.0,strict_core,core
r1399,187,1.0,strict_core,core
r14,187,1.0,strict_core,core
r140,187,1.0,strict_core,core
r1400,187,1.0,strict_core,core
r1404,187,1.0,strict_core,core
r1406,187,1.0,strict_core,core
r1408,187,1.0,strict_core,core
r141,187,1.0,strict_core,core
r1410,187,1.0,strict_core,core
r1412,187,1.0,strict_core,core
r1417,187,1.0,strict_core,core
r142,187,1.0,strict_core,core
r1421,187,1.0,strict_core,core
r1423,187,1.0,strict_core,core
r1425,187,1.0,strict_core,core
r1427,187,1.0,strict_core,core
r1428,186,0.9946524064171123,softcore,core
r1429,187,1.0,strict_core,core
r143,187,1.0,strict_core,core
r1430,187,1.0,strict_core,core
r1433,187,1.0,strict_core,core
r1436,187,1.0,strict_core,core
r1438,187,1.0,strict_core,core
r1441,187,1.0,strict_core,core
r1442,187,1.0,strict_core,core
r1443,187,1.0,strict_core,core
r1446,187,1.0,strict_core,core
r1447,187,1.0,strict_core,core
r1448,187,1.0,strict_core,core
r1450,187,1.0,strict_core,core
r1451,187,1.0,strict_core,core
r1454,187,1.0,strict_core,core
r1455,187,1.0,strict_core,core
r1458,187,1.0,strict_core,core
r1459,187,1.0,strict_core,core
r1460,187,1.0,strict_core,core
r1461,187,1.0,strict_core,core
r1462,187,1.0,strict_core,core
r1464,186,0.9946524064171123,softcore,core
r1465,187,1.0,strict_core,core
r1466,187,1.0,strict_core,core
r1468,187,1.0,strict_core,core
r147,187,1.0,strict_core,core
r1470,187,1.0,strict_core,core
r1471,187,1.0,strict_core,core
r1472,187,1.0,strict_core,core
r1473,187,1.0,strict_core,core
r1475,187,1.0,strict_core,core
r1476,187,1.0,strict_core,core
r1477,187,1.0,strict_core,core
r148,186,0.9946524064171123,softcore,core
r1486,187,1.0,strict_core,core
r1487,187,1.0,strict_core,core
r149,186,0.9946524064171123,softcore,core
r1490,187,1.0,strict_core,core
r1491,187,1.0,strict_core,core
r1494,186,0.9946524064171123,softcore,core
r1495,187,1.0,strict_core,core
r1496,187,1.0,strict_core,core
r1498,187,1.0,strict_core,core
r15,187,1.0,strict_core,core
r150,187,1.0,strict_core,core
r1500,187,1.0,strict_core,core
r1504,187,1.0,strict_core,core
r1506,187,1.0,strict_core,core
r1507,187,1.0,strict_core,core
r1509,187,1.0,strict_core,core
r151,187,1.0,strict_core,core
r1510,187,1.0,strict_core,core
r1512,187,1.0,strict_core,core
r1513,187,1.0,strict_core,core
r1515,187,1.0,strict_core,core
r1517,187,1.0,strict_core,core
r1518,187,1.0,strict_core,core
r1519,187,1.0,strict_core,core
r152,187,1.0,strict_core,core
r1521,187,1.0,strict_core,core
r1523,187,1.0,strict_core,core
r1526,187,1.0,strict_core,core
r1528,187,1.0,strict_core,core
r153,187,1.0,strict_core,core
r1532,187,1.0,strict_core,core
r1533,187,1.0,strict_core,core
r1535,187,1.0,strict_core,core
r1536,187,1.0,strict_core,core
r1540,187,1.0,strict_core,core
r1541,187,1.0,strict_core,core
r1542,187,1.0,strict_core,core
r1546,187,1.0,strict_core,core
r1554,187,1.0,strict_core,core
r1555,186,0.9946524064171123,softcore,core
r1556,186,0.9946524064171123,softcore,core
r1557,187,1.0,strict_core,core
r1558,187,1.0,strict_core,core
r1559,187,1.0,strict_core,core
r1560,187,1.0,strict_core,core
r1561,187,1.0,strict_core,core
r1563,187,1.0,strict_core,core
r1564,187,1.0,strict_core,core
r1565,187,1.0,strict_core,core
r1567,187,1.0,strict_core,core
r1568,187,1.0,strict_core,core
r1569,187,1.0,strict_core,core
r1570,187,1.0,strict_core,core
r1572,187,1.0,strict_core,core
r1574,187,1.0,strict_core,core
r1575,187,1.0,strict_core,core
r1576,187,1.0,strict_core,core
r1577,187,1.0,strict_core,core
r1578,187,1.0,strict_core,core
r1579,187,1.0,strict_core,core
r158,187,1.0,strict_core,core
r1581,187,1.0,strict_core,core
r1582,187,1.0,strict_core,core
r1583,186,0.9946524064171123,softcore,core
r1584,187,1.0,strict_core,core
r1587,187,1.0,strict_core,core
r1588,187,1.0,strict_core,core
r1589,187,1.0,strict_core,core
r159,187,1.0,strict_core,core
r16,187,1.0,strict_core,core
r160,187,1.0,strict_core,core
r1602,187,1.0,strict_core,core
r161,187,1.0,strict_core,core
r1615,187,1.0,strict_core,core
r1616,187,1.0,strict_core,core
r162,187,1.0,strict_core,core
r1629,187,1.0,strict_core,core
r163,185,0.9893048128342246,softcore,core
r164,187,1.0,strict_core,core
r1642,187,1.0,strict_core,core
r1643,187,1.0,strict_core,core
r1644,187,1.0,strict_core,core
r1645,187,1.0,strict_core,core
r1646,187,1.0,strict_core,core
r1647,187,1.0,strict_core,core
r1648,187,1.0,strict_core,core
r1649,187,1.0,strict_core,core
r165,187,1.0,strict_core,core
r1650,187,1.0,strict_core,core
r1651,187,1.0,strict_core,core
r1653,187,1.0,strict_core,core
r1655,187,1.0,strict_core,core
r1657,187,1.0,strict_core,core
r1658,187,1.0,strict_core,core
r166,187,1.0,strict_core,core
r1660,187,1.0,strict_core,core
r1661,187,1.0,strict_core,core
r1662,187,1.0,strict_core,core
r1663,187,1.0,strict_core,core
r1664,187,1.0,strict_core,core
r1667,187,1.0,strict_core,core
r1669,187,1.0,strict_core,core
r167,187,1.0,strict_core,core
r1673,187,1.0,strict_core,core
r1674,187,1.0,strict_core,core
r1675,187,1.0,strict_core,core
r1676,187,1.0,strict_core,core
r1677,187,1.0,strict_core,core
r1678,187,1.0,strict_core,core
r1679,186,0.9946524064171123,softcore,core
r1680,187,1.0,strict_core,core
r1681,187,1.0,strict_core,core
r1682,187,1.0,strict_core,core
r1683,187,1.0,strict_core,core
r1685,187,1.0,strict_core,core
r1686,187,1.0,strict_core,core
r1688,187,1.0,strict_core,core
r1689,187,1.0,strict_core,core
r1690,187,1.0,strict_core,core
r1693,187,1.0,strict_core,core
r1694,187,1.0,strict_core,core
r1695,187,1.0,strict_core,core
r1696,187,1.0,strict_core,core
r1697,187,1.0,strict_core,core
r1698,187,1.0,strict_core,core
r1699,187,1.0,strict_core,core
r17,187,1.0,strict_core,core
r1700,187,1.0,strict_core,core
r1703,187,1.0,strict_core,core
r1704,187,1.0,strict_core,core
r1705,187,1.0,strict_core,core
r1707,187,1.0,strict_core,core
r1708,187,1.0,strict_core,core
r1709,187,1.0,strict_core,core
r171,187,1.0,strict_core,core
r1710,187,1.0,strict_core,core
r1711,187,1.0,strict_core,core
r1713,187,1.0,strict_core,core
r1714,187,1.0,strict_core,core
r1715,187,1.0,strict_core,core
r1716,187,1.0,strict_core,core
r1717,187,1.0,strict_core,core
r1718,186,0.9946524064171123,softcore,core
r1719,187,1.0,strict_core,core
r172,186,0.9946524064171123,softcore,core
r1721,187,1.0,strict_core,core
r1722,187,1.0,strict_core,core
r1723,187,1.0,strict_core,core
r1724,187,1.0,strict_core,core
r1725,187,1.0,strict_core,core
r1727,187,1.0,strict_core,core
r1728,187,1.0,strict_core,core
r1729,187,1.0,strict_core,core
r173,187,1.0,strict_core,core
r1730,187,1.0,strict_core,core
r1731,187,1.0,strict_core,core
r1733,187,1.0,strict_core,core
r1734,187,1.0,strict_core,core
r1736,187,1.0,strict_core,core
r1737,187,1.0,strict_core,core
r1738,187,1.0,strict_core,core
r1739,187,1.0,strict_core,core
r1740,187,1.0,strict_core,core
r1741,187,1.0,strict_core,core
r1742,187,1.0,strict_core,core
r1743,183,0.9786096256684492,softcore,core
r1744,187,1.0,strict_core,core
r1747,187,1.0,strict_core,core
r1748,186,0.9946524064171123,softcore,core
r1749,187,1.0,strict_core,core
r175,187,1.0,strict_core,core
r1751,187,1.0,strict_core,core
r1753,187,1.0,strict_core,core
r1754,187,1.0,strict_core,core
r1755,187,1.0,strict_core,core
r1756,187,1.0,strict_core,core
r1758,187,1.0,strict_core,core
r1759,187,1.0,strict_core,core
r176,187,1.0,strict_core,core
r1760,187,1.0,strict_core,core
r1761,187,1.0,strict_core,core
r1762,187,1.0,strict_core,core
r1763,187,1.0,strict_core,core
r1766,187,1.0,strict_core,core
r1767,187,1.0,strict_core,core
r1768,187,1.0,strict_core,core
r1769,187,1.0,strict_core,core
r177,187,1.0,strict_core,core
r1770,187,1.0,strict_core,core
r1771,187,1.0,strict_core,core
r1772,187,1.0,strict_core,core
r1773,187,1.0,strict_core,core
r1775,187,1.0,strict_core,core
r1776,187,1.0,strict_core,core
r1777,187,1.0,strict_core,core
r1778,187,1.0,strict_core,core
r1779,187,1.0,strict_core,core
r178,187,1.0,strict_core,core
r1780,187,1.0,strict_core,core
r1782,187,1.0,strict_core,core
r1783,187,1.0,strict_core,core
r1784,187,1.0,strict_core,core
r1786,187,1.0,strict_core,core
r1789,187,1.0,strict_core,core
r1790,187,1.0,strict_core,core
r1792,187,1.0,strict_core,core
r1793,187,1.0,strict_core,core
r1794,187,1.0,strict_core,core
r1795,187,1.0,strict_core,core
r1796,187,1.0,strict_core,core
r1797,187,1.0,strict_core,core
r1798,186,0.9946524064171123,softcore,core
r1799,187,1.0,strict_core,core
r18,187,1.0,strict_core,core
r180,187,1.0,strict_core,core
r1800,187,1.0,strict_core,core
r1805,186,0.9946524064171123,softcore,core
r1806,186,0.9946524064171123,softcore,core
r1807,186,0.9946524064171123,softcore,core
r1808,187,1.0,strict_core,core
r1809,187,1.0,strict_core,core
r181,187,1.0,strict_core,core
r1814,86,0.45989304812834225,shell,accessory
r1817,149,0.7967914438502673,shell,accessory
r182,187,1.0,strict_core,core
r1820,187,1.0,strict_core,core
r1824,62,0.3315508021390374,shell,accessory
r1825,152,0.8128342245989305,shell,accessory
r1826,149,0.7967914438502673,shell,accessory
r1827,186,0.9946524064171123,softcore,core
r1828,186,0.9946524064171123,softcore,core
r1829,151,0.8074866310160428,shell,accessory
r183,187,1.0,strict_core,core
r1831,151,0.8074866310160428,shell,accessory
r1833,187,1.0,strict_core,core
r1834,187,1.0,strict_core,core
r1835,152,0.8128342245989305,shell,accessory
r1837,152,0.8128342245989305,shell,accessory
r1839,187,1.0,strict_core,core
r184,187,1.0,strict_core,core
r1844,187,1.0,strict_core,core
r1849,187,1.0,strict_core,core
r185,187,1.0,strict_core,core
r1854,187,1.0,strict_core,core
r1859,187,1.0,strict_core,core
r186,187,1.0,strict_core,core
r1860,187,1.0,strict_core,core
r1864,187,1.0,strict_core,core
r1867,187,1.0,strict_core,core
r1869,187,1.0,strict_core,core
r187,187,1.0,strict_core,core
r1870,187,1.0,strict_core,core
r1871,50,0.26737967914438504,shell,accessory
r1872,50,0.26737967914438504,shell,accessory
r1873,187,1.0,strict_core,core
r1877,187,1.0,strict_core,core
r188,187,1.0,strict_core,core
r1883,187,1.0,strict_core,core
r1884,187,1.0,strict_core,core
r1885,187,1.0,strict_core,core
r1886,187,1.0,strict_core,core
r1887,187,1.0,strict_core,core
r1888,187,1.0,strict_core,core
r1889,187,1.0,strict_core,core
r189,187,1.0,strict_core,core
r1890,187,1.0,strict_core,core
r1891,187,1.0,strict_core,core
r1892,187,1.0,strict_core,core
r1893,187,1.0,strict_core,core
r1894,187,1.0,strict_core,core
r1895,187,1.0,strict_core,core
r1896,187,1.0,strict_core,core
r1897,187,1.0,strict_core,core
r1898,187,1.0,strict_core,core
r1899,187,1.0,strict_core,core
r1900,187,1.0,strict_core,core
r1901,187,1.0,strict_core,core
r1902,187,1.0,strict_core,core
r1903,187,1.0,strict_core,core
r191,187,1.0,strict_core,core
r1910,187,1.0,strict_core,core
r1917,187,1.0,strict_core,core
r192,187,1.0,strict_core,core
r1924,187,1.0,strict_core,core
r193,187,1.0,strict_core,core
r1931,187,1.0,strict_core,core
r1938,187,1.0,strict_core,core
r194,187,1.0,strict_core,core
r1941,187,1.0,strict_core,core
r1943,187,1.0,strict_core,core
r1944,187,1.0,strict_core,core
r1945,187,1.0,strict_core,core
r1946,187,1.0,strict_core,core
r1947,187,1.0,strict_core,core
r1948,187,1.0,strict_core,core
r1949,187,1.0,strict_core,core
r195,187,1.0,strict_core,core
r1950,187,1.0,strict_core,core
r1951,187,1.0,strict_core,core
r1952,187,1.0,strict_core,core
r1953,187,1.0,strict_core,core
r1954,187,1.0,strict_core,core
r1955,187,1.0,strict_core,core
r1956,187,1.0,strict_core,core
r1957,187,1.0,strict_core,core
r1958,187,1.0,strict_core,core
r1959,187,1.0,strict_core,core
r1960,187,1.0,strict_core,core
r1961,187,1.0,strict_core,core
r1962,187,1.0,strict_core,core
r1963,187,1.0,strict_core,core
r1964,187,1.0,strict_core,core
r1965,187,1.0,strict_core,core
r1966,187,1.0,strict_core,core
r1967,187,1.0,strict_core,core
r1968,187,1.0,strict_core,core
r1969,187,1.0,strict_core,core
r1970,187,1.0,strict_core,core
r1971,187,1.0,strict_core,core
r1972,187,1.0,strict_core,core
r1973,187,1.0,strict_core,core
r1974,187,1.0,strict_core,core
r1975,187,1.0,strict_core,core
r1976,187,1.0,strict_core,core
r1977,187,1.0,strict_core,core
r1978,187,1.0,strict_core,core
r1979,187,1.0,strict_core,core
r198,187,1.0,strict_core,core
r1980,187,1.0,strict_core,core
r1981,187,1.0,strict_core,core
r1982,187,1.0,strict_core,core
r1983,187,1.0,strict_core,core
r1988,187,1.0,strict_core,core
r199,187,1.0,strict_core,core
r1992,187,1.0,strict_core,core
r1997,187,1.0,strict_core,core
r2,187,1.0,strict_core,core
r20,187,1.0,strict_core,core
r2003,187,1.0,strict_core,core
r2007,187,1.0,strict_core,core
r2012,187,1.0,strict_core,core
r2018,187,1.0,strict_core,core
r2023,187,1.0,strict_core,core
r2027,187,1.0,strict_core,core
r203,187,1.0,strict_core,core
r2031,187,1.0,strict_core,core
r2035,187,1.0,strict_core,core
r204,187,1.0,strict_core,core
r2040,187,1.0,strict_core,core
r2044,187,1.0,strict_core,core
r205,187,1.0,strict_core,core
r2052,187,1.0,strict_core,core
r2056,187,1.0,strict_core,core
r206,187,1.0,strict_core,core
r2060,187,1.0,strict_core,core
r2064,187,1.0,strict_core,core
r2070,187,1.0,strict_core,core
r2074,187,1.0,strict_core,core
r2079,187,1.0,strict_core,core
r208,187,1.0,strict_core,core
r2081,187,1.0,strict_core,core
r2083,187,1.0,strict_core,core
r2085,187,1.0,strict_core,core
r2086,187,1.0,strict_core,core
r2087,187,1.0,strict_core,core
r2088,187,1.0,strict_core,core
r2089,187,1.0,strict_core,core
r2090,187,1.0,strict_core,core
r2091,187,1.0,strict_core,core
r2092,187,1.0,strict_core,core
r2093,187,1.0,strict_core,core
r2095,187,1.0,strict_core,core
r2098,187,1.0,strict_core,core
r2099,187,1.0,strict_core,core
r2101,187,1.0,strict_core,core
r2102,187,1.0,strict_core,core
r2103,187,1.0,strict_core,core
r2104,187,1.0,strict_core,core
r2105,187,1.0,strict_core,core
r2106,187,1.0,strict_core,core
r2107,187,1.0,strict_core,core
r2108,187,1.0,strict_core,core
r2109,187,1.0,strict_core,core
r211,187,1.0,strict_core,core
r2110,187,1.0,strict_core,core
r2111,187,1.0,strict_core,core
r2112,187,1.0,strict_core,core
r2113,187,1.0,strict_core,core
r2114,187,1.0,strict_core,core
r2115,187,1.0,strict_core,core
r2116,187,1.0,strict_core,core
r2117,187,1.0,strict_core,core
r2118,187,1.0,strict_core,core
r2119,187,1.0,strict_core,core
r2120,187,1.0,strict_core,core
r2124,187,1.0,strict_core,core
r2125,187,1.0,strict_core,core
r2126,187,1.0,strict_core,core
r2127,187,1.0,strict_core,core
r2128,187,1.0,strict_core,core
r2129,187,1.0,strict_core,core
r2130,187,1.0,strict_core,core
r2131,187,1.0,strict_core,core
r2132,187,1.0,strict_core,core
r2133,187,1.0,strict_core,core
r2134,187,1.0,strict_core,core
r2135,187,1.0,strict_core,core
r2136,187,1.0,strict_core,core
r2137,187,1.0,strict_core,core
r2138,187,1.0,strict_core,core
r2139,187,1.0,strict_core,core
r214,187,1.0,strict_core,core
r2140,187,1.0,strict_core,core
r2141,187,1.0,strict_core,core
r2142,187,1.0,strict_core,core
r2143,187,1.0,strict_core,core
r2144,187,1.0,strict_core,core
r2145,187,1.0,strict_core,core
r2146,187,1.0,strict_core,core
r2147,187,1.0,strict_core,core
r2148,187,1.0,strict_core,core
r2149,187,1.0,strict_core,core
r2150,187,1.0,strict_core,core
r2151,187,1.0,strict_core,core
r2152,187,1.0,strict_core,core
r2153,187,1.0,strict_core,core
r2154,187,1.0,strict_core,core
r2155,187,1.0,strict_core,core
r2156,187,1.0,strict_core,core
r2157,187,1.0,strict_core,core
r2158,187,1.0,strict_core,core
r2159,187,1.0,strict_core,core
r216,187,1.0,strict_core,core
r2160,187,1.0,strict_core,core
r2161,187,1.0,strict_core,core
r2162,187,1.0,strict_core,core
r2163,187,1.0,strict_core,core
r2164,187,1.0,strict_core,core
r2165,187,1.0,strict_core,core
r2166,187,1.0,strict_core,core
r2167,187,1.0,strict_core,core
r2168,187,1.0,strict_core,core
r2169,187,1.0,strict_core,core
r2170,187,1.0,strict_core,core
r2171,187,1.0,strict_core,core
r2172,187,1.0,strict_core,core
r2173,187,1.0,strict_core,core
r2174,187,1.0,strict_core,core
r2175,187,1.0,strict_core,core
r2176,187,1.0,strict_core,core
r2177,187,1.0,strict_core,core
r2178,187,1.0,strict_core,core
r2179,187,1.0,strict_core,core
r2180,187,1.0,strict_core,core
r2181,187,1.0,strict_core,core
r2182,187,1.0,strict_core,core
r2183,187,1.0,strict_core,core
r2184,187,1.0,strict_core,core
r2185,187,1.0,strict_core,core
r2186,187,1.0,strict_core,core
r2187,187,1.0,strict_core,core
r2188,187,1.0,strict_core,core
r219,187,1.0,strict_core,core
r2190,187,1.0,strict_core,core
r2192,187,1.0,strict_core,core
r2193,187,1.0,strict_core,core
r2194,187,1.0,strict_core,core
r2195,187,1.0,strict_core,core
r2196,187,1.0,strict_core,core
r2197,187,1.0,strict_core,core
r2198,187,1.0,strict_core,core
r2199,187,1.0,strict_core,core
r22,187,1.0,strict_core,core
r2200,187,1.0,strict_core,core
r2201,187,1.0,strict_core,core
r2202,187,1.0,strict_core,core
r2203,187,1.0,strict_core,core
r2204,187,1.0,strict_core,core
r2205,187,1.0,strict_core,core
r2206,187,1.0,strict_core,core
r2207,187,1.0,strict_core,core
r2208,187,1.0,strict_core,core
r2209,187,1.0,strict_core,core
r2210,187,1.0,strict_core,core
r2211,187,1.0,strict_core,core
r2212,187,1.0,strict_core,core
r2213,187,1.0,strict_core,core
r2214,187,1.0,strict_core,core
r2215,187,1.0,strict_core,core
r2216,187,1.0,strict_core,core
r2217,187,1.0,strict_core,core
r2218,187,1.0,strict_core,core
r2219,187,1.0,strict_core,core
r222,187,1.0,strict_core,core
r2220,187,1.0,strict_core,core
r2221,187,1.0,strict_core,core
r2222,187,1.0,strict_core,core
r2223,187,1.0,strict_core,core
r2224,187,1.0,strict_core,core
r2225,187,1.0,strict_core,core
r2226,187,1.0,strict_core,core
r2227,187,1.0,strict_core,core
r2228,187,1.0,strict_core,core
r2229,187,1.0,strict_core,core
r2230,187,1.0,strict_core,core
r2231,187,1.0,strict_core,core
r2232,187,1.0,strict_core,core
r2233,187,1.0,strict_core,core
r2234,187,1.0,strict_core,core
r2235,187,1.0,strict_core,core
r2236,187,1.0,strict_core,core
r2237,187,1.0,strict_core,core
r2238,187,1.0,strict_core,core
r2239,187,1.0,strict_core,core
r2240,187,1.0,strict_core,core
r2241,187,1.0,strict_core,core
r2242,187,1.0,strict_core,core
r2243,187,1.0,strict_core,core
r2244,187,1.0,strict_core,core
r2245,187,1.0,strict_core,core
r2246,187,1.0,strict_core,core
r2247,187,1.0,strict_core,core
r2248,187,1.0,strict_core,core
r2249,187,1.0,strict_core,core
r2250,187,1.0,strict_core,core
r2251,187,1.0,strict_core,core
r2252,187,1.0,strict_core,core
r2253,187,1.0,strict_core,core
r2254,187,1.0,strict_core,core
r2255,187,1.0,strict_core,core
r2256,187,1.0,strict_core,core
r2257,187,1.0,strict_core,core
r2258,187,1.0,strict_core,core
r2259,187,1.0,strict_core,core
r226,187,1.0,strict_core,core
r2260,187,1.0,strict_core,core
r2261,187,1.0,strict_core,core
r2262,187,1.0,strict_core,core
r2263,187,1.0,strict_core,core
r2264,187,1.0,strict_core,core
r2265,187,1.0,strict_core,core
r2266,187,1.0,strict_core,core
r2267,187,1.0,strict_core,core
r2268,187,1.0,strict_core,core
r2269,187,1.0,strict_core,core
r2270,187,1.0,strict_core,core
r2271,187,1.0,strict_core,core
r2272,187,1.0,strict_core,core
r2273,187,1.0,strict_core,core
r2274,187,1.0,strict_core,core
r2275,187,1.0,strict_core,core
r2276,187,1.0,strict_core,core
r2277,187,1.0,strict_core,core
r2278,187,1.0,strict_core,core
r2279,187,1.0,strict_core,core
r2280,187,1.0,strict_core,core
r2281,187,1.0,strict_core,core
r2282,187,1.0,strict_core,core
r2283,187,1.0,strict_core,core
r2284,187,1.0,strict_core,core
r2285,187,1.0,strict_core,core
r2286,187,1.0,strict_core,core
r2287,187,1.0,strict_core,core
r2288,187,1.0,strict_core,core
r2289,187,1.0,strict_core,core
r2290,187,1.0,strict_core,core
r2291,187,1.0,strict_core,core
r2292,187,1.0,strict_core,core
r2293,187,1.0,strict_core,core
r2294,187,1.0,strict_core,core
r2295,187,1.0,strict_core,core
r2296,187,1.0,strict_core,core
r2297,187,1.0,strict_core,core
r2298,187,1.0,strict_core,core
r2299,187,1.0,strict_core,core
r230,187,1.0,strict_core,core
r2300,187,1.0,strict_core,core
r2301,187,1.0,strict_core,core
r2302,187,1.0,strict_core,core
r2303,187,1.0,strict_core,core
r2304,187,1.0,strict_core,core
r2305,187,1.0,strict_core,core
r2306,187,1.0,strict_core,core
r2307,187,1.0,strict_core,core
r2308,187,1.0,strict_core,core
r2309,187,1.0,strict_core,core
r231,187,1.0,strict_core,core
r2310,187,1.0,strict_core,core
r2311,187,1.0,strict_core,core
r2312,187,1.0,strict_core,core
r2313,187,1.0,strict_core,core
r2314,187,1.0,strict_core,core
r2315,187,1.0,strict_core,core
r2316,187,1.0,strict_core,core
r2317,187,1.0,strict_core,core
r2318,187,1.0,strict_core,core
r2319,187,1.0,strict_core,core
r232,186,0.9946524064171123,softcore,core
r2320,187,1.0,strict_core,core
r2321,187,1.0,strict_core,core
r2322,187,1.0,strict_core,core
r2323,187,1.0,strict_core,core
r2324,187,1.0,strict_core,core
r2325,187,1.0,strict_core,core
r2326,187,1.0,strict_core,core
r2327,187,1.0,strict_core,core
r2328,187,1.0,strict_core,core
r2329,187,1.0,strict_core,core
r233,187,1.0,strict_core,core
r2330,187,1.0,strict_core,core
r2331,187,1.0,strict_core,core
r2332,187,1.0,strict_core,core
r2333,187,1.0,strict_core,core
r2335,187,1.0,strict_core,core
r2336,187,1.0,strict_core,core
r2337,187,1.0,strict_core,core
r2338,187,1.0,strict_core,core
r2339,187,1.0,strict_core,core
r2342,187,1.0,strict_core,core
r2343,187,1.0,strict_core,core
r2344,187,1.0,strict_core,core
r2345,187,1.0,strict_core,core
r2346,187,1.0,strict_core,core
r2347,187,1.0,strict_core,core
r2348,187,1.0,strict_core,core
r2349,187,1.0,strict_core,core
r2350,187,1.0,strict_core,core
r2351,187,1.0,strict_core,core
r2352,187,1.0,strict_core,core
r2353,187,1.0,strict_core,core
r2354,187,1.0,strict_core,core
r2355,187,1.0,strict_core,core
r2356,187,1.0,strict_core,core
r2357,187,1.0,strict_core,core
r2358,187,1.0,strict_core,core
r2359,187,1.0,strict_core,core
r236,187,1.0,strict_core,core
r2360,187,1.0,strict_core,core
r238,187,1.0,strict_core,core
r240,187,1.0,strict_core,core
r242,187,1.0,strict_core,core
r245,187,1.0,strict_core,core
r246,187,1.0,strict_core,core
r247,187,1.0,strict_core,core
r248,187,1.0,strict_core,core
r25,187,1.0,strict_core,core
r250,187,1.0,strict_core,core
r252,187,1.0,strict_core,core
r253,187,1.0,strict_core,core
r257,187,1.0,strict_core,core
r258,187,1.0,strict_core,core
r259,187,1.0,strict_core,core
r26,187,1.0,strict_core,core
r262,186,0.9946524064171123,softcore,core
r263,187,1.0,strict_core,core
r266,187,1.0,strict_core,core
r267,187,1.0,strict_core,core
r269,187,1.0,strict_core,core
r272,187,1.0,strict_core,core
r273,187,1.0,strict_core,core
r274,152,0.8128342245989305,shell,accessory
r276,187,1.0,strict_core,core
r279,187,1.0,strict_core,core
r280,187,1.0,strict_core,core
r281,187,1.0,strict_core,core
r283,187,1.0,strict_core,core
r285,187,1.0,strict_core,core
r286,187,1.0,strict_core,core
r289,187,1.0,strict_core,core
r290,187,1.0,strict_core,core
r295,187,1.0,strict_core,core
r296,187,1.0,strict_core,core
r297,187,1.0,strict_core,core
r299,187,1.0,strict_core,core
r3,187,1.0,strict_core,core
r30,187,1.0,strict_core,core
r300,186,0.9946524064171123,softcore,core
r301,187,1.0,strict_core,core
r302,187,1.0,strict_core,core
r303,187,1.0,strict_core,core
r304,187,1.0,strict_core,core
r307,187,1.0,strict_core,core
r308,187,1.0,strict_core,core
r31,187,1.0,strict_core,core
r310,187,1.0,strict_core,core
r315,186,0.9946524064171123,softcore,core
r316,187,1.0,strict_core,core
r317,187,1.0,strict_core,core
r318,187,1.0,strict_core,core
r319,187,1.0,strict_core,core
r32,187,1.0,strict_core,core
r320,187,1.0,strict_core,core
r321,187,1.0,strict_core,core
r326,187,1.0,strict_core,core
r33,187,1.0,strict_core,core
r331,187,1.0,strict_core,core
r333,187,1.0,strict_core,core
r334,187,1.0,strict_core,core
r336,187,1.0,strict_core,core
r337,187,1.0,strict_core,core
r34,187,1.0,strict_core,core
r342,187,1.0,strict_core,core
r347,187,1.0,strict_core,core
r351,187,1.0,strict_core,core
r353,187,1.0,strict_core,core
r367,186,0.9946524064171123,softcore,core
r369,187,1.0,strict_core,core
r372,187,1.0,strict_core,core
r374,187,1.0,strict_core,core
r376,187,1.0,strict_core,core
r377,187,1.0,strict_core,core
r378,187,1.0,strict_core,core
r379,187,1.0,strict_core,core
r38,187,1.0,strict_core,core
r380,187,1.0,strict_core,core
r381,187,1.0,strict_core,core
r387,187,1.0,strict_core,core
r388,187,1.0,strict_core,core
r389,187,1.0,strict_core,core
r390,187,1.0,strict_core,core
r391,187,1.0,strict_core,core
r392,187,1.0,strict_core,core
r393,187,1.0,strict_core,core
r394,187,1.0,strict_core,core
r395,187,1.0,strict_core,core
r404,187,1.0,strict_core,core
r407,187,1.0,strict_core,core
r416,187,1.0,strict_core,core
r419,187,1.0,strict_core,core
r420,187,1.0,strict_core,core
r421,187,1.0,strict_core,core
r422,187,1.0,strict_core,core
r427,187,1.0,strict_core,core
r43,187,1.0,strict_core,core
r440,187,1.0,strict_core,core
r441,187,1.0,strict_core,core
r443,187,1.0,strict_core,core
r445,187,1.0,strict_core,core
r446,187,1.0,strict_core,core
r447,187,1.0,strict_core,core
r458,187,1.0,strict_core,core
r464,187,1.0,strict_core,core
r466,187,1.0,strict_core,core
r473,187,1.0,strict_core,core
r474,187,1.0,strict_core,core
r477,187,1.0,strict_core,core
r48,187,1.0,strict_core,core
r484,187,1.0,strict_core,core
r486,187,1.0,strict_core,core
r49,187,1.0,strict_core,core
r494,187,1.0,strict_core,core
r495,187,1.0,strict_core,core
r496,184,0.983957219251337,softcore,core
r497,184,0.983957219251337,softcore,core
r498,184,0.983957219251337,softcore,core
r499,187,1.0,strict_core,core
r50,187,1.0,strict_core,core
r501,187,1.0,strict_core,core
r502,186,0.9946524064171123,softcore,core
r503,187,1.0,strict_core,core
r504,187,1.0,strict_core,core
r505,187,1.0,strict_core,core
r506,187,1.0,strict_core,core
r507,187,1.0,strict_core,core
r508,187,1.0,strict_core,core
r509,186,0.9946524064171123,softcore,core
r51,187,1.0,strict_core,core
r510,187,1.0,strict_core,core
r511,187,1.0,strict_core,core
r512,187,1.0,strict_core,core
r513,187,1.0,strict_core,core
r514,187,1.0,strict_core,core
r515,187,1.0,strict_core,core
r517,187,1.0,strict_core,core
r518,187,1.0,strict_core,core
r519,187,1.0,strict_core,core
r520,187,1.0,strict_core,core
r523,187,1.0,strict_core,core
r525,187,1.0,strict_core,core
r526,187,1.0,strict_core,core
r527,187,1.0,strict_core,core
r529,187,1.0,strict_core,core
r53,187,1.0,strict_core,core
r530,186,0.9946524064171123,softcore,core
r531,187,1.0,strict_core,core
r532,187,1.0,strict_core,core
r533,187,1.0,strict_core,core
r534,187,1.0,strict_core,core
r535,187,1.0,strict_core,core
r538,187,1.0,strict_core,core
r54,187,1.0,strict_core,core
r544,187,1.0,strict_core,core
r545,186,0.9946524064171123,softcore,core
r546,187,1.0,strict_core,core
r547,187,1.0,strict_core,core
r548,186,0.9946524064171123,softcore,core
r549,187,1.0,strict_core,core
r55,187,1.0,strict_core,core
r550,187,1.0,strict_core,core
r551,187,1.0,strict_core,core
r552,187,1.0,strict_core,core
r555,187,1.0,strict_core,core
r558,187,1.0,strict_core,core
r559,187,1.0,strict_core,core
r560,186,0.9946524064171123,softcore,core
r561,187,1.0,strict_core,core
r562,187,1.0,strict_core,core
r564,187,1.0,strict_core,core
r567,187,1.0,strict_core,core
r568,187,1.0,strict_core,core
r569,186,0.9946524064171123,softcore,core
r570,187,1.0,strict_core,core
r571,187,1.0,strict_core,core
r573,187,1.0,strict_core,core
r574,187,1.0,strict_core,core
r576,187,1.0,strict_core,core
r577,187,1.0,strict_core,core
r579,187,1.0,strict_core,core
r58,187,1.0,strict_core,core
r580,187,1.0,strict_core,core
r582,187,1.0,strict_core,core
r584,185,0.9893048128342246,softcore,core
r585,187,1.0,strict_core,core
r586,187,1.0,strict_core,core
r589,185,0.9893048128342246,softcore,core
r590,187,1.0,strict_core,core
r591,187,1.0,strict_core,core
r592,187,1.0,strict_core,core
r593,187,1.0,strict_core,core
r594,187,1.0,strict_core,core
r595,187,1.0,strict_core,core
r596,187,1.0,strict_core,core
r597,187,1.0,strict_core,core
r6,187,1.0,strict_core,core
r601,187,1.0,strict_core,core
r602,187,1.0,strict_core,core
r603,187,1.0,strict_core,core
r606,187,1.0,strict_core,core
r607,187,1.0,strict_core,core
r608,187,1.0,strict_core,core
r609,187,1.0,strict_core,core
r61,187,1.0,strict_core,core
r611,187,1.0,strict_core,core
r612,187,1.0,strict_core,core
r613,187,1.0,strict_core,core
r614,184,0.983957219251337,softcore,core
r615,187,1.0,strict_core,core
r616,187,1.0,strict_core,core
r617,187,1.0,strict_core,core
r618,186,0.9946524064171123,softcore,core
r619,187,1.0,strict_core,core
r62,186,0.9946524064171123,softcore,core
r623,187,1.0,strict_core,core
r627,187,1.0,strict_core,core
r63,187,1.0,strict_core,core
r631,187,1.0,strict_core,core
r635,187,1.0,strict_core,core
r639,187,1.0,strict_core,core
r64,187,1.0,strict_core,core
r642,187,1.0,strict_core,core
r643,187,1.0,strict_core,core
r645,187,1.0,strict_core,core
r647,187,1.0,strict_core,core
r650,5,0.026737967914438502,cloud,accessory
r651,187,1.0,strict_core,core
r652,187,1.0,strict_core,core
r654,187,1.0,strict_core,core
r657,187,1.0,strict_core,core
r659,187,1.0,strict_core,core
r66,187,1.0,strict_core,core
r660,187,1.0,strict_core,core
r663,187,1.0,strict_core,core
r666,187,1.0,strict_core,core
r667,187,1.0,strict_core,core
r668,187,1.0,strict_core,core
r669,187,1.0,strict_core,core
r671,187,1.0,strict_core,core
r672,187,1.0,strict_core,core
r676,187,1.0,strict_core,core
r68,187,1.0,strict_core,core
r680,187,1.0,strict_core,core
r684,186,0.9946524064171123,softcore,core
r685,187,1.0,strict_core,core
r686,187,1.0,strict_core,core
r687,185,0.9893048128342246,softcore,core
r689,187,1.0,strict_core,core
r69,187,1.0,strict_core,core
r691,187,1.0,strict_core,core
r692,187,1.0,strict_core,core
r693,187,1.0,strict_core,core
r697,187,1.0,strict_core,core
r701,187,1.0,strict_core,core
r703,187,1.0,strict_core,core
r704,187,1.0,strict_core,core
r705,187,1.0,strict_core,core
r706,186,0.9946524064171123,softcore,core
r707,187,1.0,strict_core,core
r713,187,1.0,strict_core,core
r714,187,1.0,strict_core,core
r717,187,1.0,strict_core,core
r718,186,0.9946524064171123,softcore,core
r72,187,1.0,strict_core,core
r720,187,1.0,strict_core,core
r722,187,1.0,strict_core,core
r724,187,1.0,strict_core,core
r725,187,1.0,strict_core,core
r726,187,1.0,strict_core,core
r728,187,1.0,strict_core,core
r729,186,0.9946524064171123,softcore,core
r730,186,0.9946524064171123,softcore,core
r731,187,1.0,strict_core,core
r733,187,1.0,strict_core,core
r734,187,1.0,strict_core,core
r74,187,1.0,strict_core,core
r741,187,1.0,strict_core,core
r748,187,1.0,strict_core,core
r749,187,1.0,strict_core,core
r751,187,1.0,strict_core,core
r752,186,0.9946524064171123,softcore,core
r753,186,0.9946524064171123,softcore,core
r754,187,1.0,strict_core,core
r755,187,1.0,strict_core,core
r756,187,1.0,strict_core,core
r757,187,1.0,strict_core,core
r759,187,1.0,strict_core,core
r760,187,1.0,strict_core,core
r761,187,1.0,strict_core,core
r762,187,1.0,strict_core,core
r763,187,1.0,strict_core,core
r764,187,1.0,strict_core,core
r765,187,1.0,strict_core,core
r766,184,0.983957219251337,softcore,core
r767,187,1.0,strict_core,core
r768,187,1.0,strict_core,core
r769,187,1.0,strict_core,core
r77,187,1.0,strict_core,core
r770,187,1.0,strict_core,core
r771,187,1.0,strict_core,core
r773,187,1.0,strict_core,core
r774,187,1.0,strict_core,core
r775,187,1.0,strict_core,core
r776,187,1.0,strict_core,core
r777,187,1.0,strict_core,core
r779,187,1.0,strict_core,core
r780,187,1.0,strict_core,core
r781,187,1.0,strict_core,core
r782,187,1.0,strict_core,core
r783,187,1.0,strict_core,core
r784,187,1.0,strict_core,core
r785,187,1.0,strict_core,core
r786,187,1.0,strict_core,core
r787,187,1.0,strict_core,core
r788,187,1.0,strict_core,core
r793,187,1.0,strict_core,core
r798,187,1.0,strict_core,core
r799,187,1.0,strict_core,core
r800,187,1.0,strict_core,core
r801,187,1.0,strict_core,core
r803,187,1.0,strict_core,core
r804,187,1.0,strict_core,core
r805,187,1.0,strict_core,core
r806,187,1.0,strict_core,core
r807,187,1.0,strict_core,core
r808,186,0.9946524064171123,softcore,core
r809,187,1.0,strict_core,core
r811,187,1.0,strict_core,core
r812,187,1.0,strict_core,core
r813,187,1.0,strict_core,core
r814,187,1.0,strict_core,core
r815,187,1.0,strict_core,core
r816,187,1.0,strict_core,core
r817,187,1.0,strict_core,core
r818,186,0.9946524064171123,softcore,core
r819,187,1.0,strict_core,core
r82,187,1.0,strict_core,core
r823,187,1.0,strict_core,core
r824,187,1.0,strict_core,core
r825,187,1.0,strict_core,core
r826,187,1.0,strict_core,core
r828,187,1.0,strict_core,core
r830,187,1.0,strict_core,core
r831,187,1.0,strict_core,core
r833,187,1.0,strict_core,core
r834,187,1.0,strict_core,core
r835,187,1.0,strict_core,core
r836,187,1.0,strict_core,core
r837,187,1.0,strict_core,core
r839,187,1.0,strict_core,core
r842,152,0.8128342245989305,shell,accessory
r843,187,1.0,strict_core,core
r845,187,1.0,strict_core,core
r847,187,1.0,strict_core,core
r851,187,1.0,strict_core,core
r853,187,1.0,strict_core,core
r855,187,1.0,strict_core,core
r857,187,1.0,strict_core,core
r858,187,1.0,strict_core,core
r864,187,1.0,strict_core,core
r865,187,1.0,strict_core,core
r867,187,1.0,strict_core,core
r868,187,1.0,strict_core,core
r87,187,1.0,strict_core,core
r870,187,1.0,strict_core,core
r871,187,1.0,strict_core,core
r872,187,1.0,strict_core,core
r873,187,1.0,strict_core,core
r877,187,1.0,strict_core,core
r878,187,1.0,strict_core,core
r88,187,1.0,strict_core,core
r880,187,1.0,strict_core,core
r881,187,1.0,strict_core,core
r882,187,1.0,strict_core,core
r883,187,1.0,strict_core,core
r884,187,1.0,strict_core,core
r885,187,1.0,strict_core,core
r886,187,1.0,strict_core,core
r887,187,1.0,strict_core,core
r888,187,1.0,strict_core,core
r889,187,1.0,strict_core,core
r89,187,1.0,strict_core,core
r890,187,1.0,strict_core,core
r892,187,1.0,strict_core,core
r896,187,1.0,strict_core,core
r897,187,1.0,strict_core,core
r899,187,1.0,strict_core,core
r90,187,1.0,strict_core,core
r900,187,1.0,strict_core,core
r902,187,1.0,strict_core,core
r903,187,1.0,strict_core,core
r906,187,1.0,strict_core,core
r907,187,1.0,strict_core,core
r908,187,1.0,strict_core,core
r909,187,1.0,strict_core,core
r91,187,1.0,strict_core,core
r910,186,0.9946524064171123,softcore,core
r911,187,1.0,strict_core,core
r914,187,1.0,strict_core,core
r915,187,1.0,strict_core,core
r916,187,1.0,strict_core,core
r92,187,1.0,strict_core,core
r921,187,1.0,strict_core,core
r923,187,1.0,strict_core,core
r924,187,1.0,strict_core,core
r925,187,1.0,strict_core,core
r929,186,0.9946524064171123,softcore,core
r930,187,1.0,strict_core,core
r934,187,1.0,strict_core,core
r938,187,1.0,strict_core,core
r939,187,1.0,strict_core,core
r941,187,1.0,strict_core,core
r943,187,1.0,strict_core,core
r944,187,1.0,strict_core,core
r945,187,1.0,strict_core,core
r947,187,1.0,strict_core,core
r948,187,1.0,strict_core,core
r95,187,1.0,strict_core,core
r952,187,1.0,strict_core,core
r954,187,1.0,strict_core,core
r956,187,1.0,strict_core,core
r958,187,1.0,strict_core,core
r959,187,1.0,strict_core,core
r96,187,1.0,strict_core,core
r960,186,0.9946524064171123,softcore,core
r961,187,1.0,strict_core,core
r962,187,1.0,strict_core,core
r963,187,1.0,strict_core,core
r964,187,1.0,strict_core,core
r966,172,0.9197860962566845,shell,accessory
r969,187,1.0,strict_core,core
r97,186,0.9946524064171123,softcore,core
r971,172,0.9197860962566845,shell,accessory
r974,187,1.0,strict_core,core
r975,187,1.0,strict_core,core
r977,187,1.0,strict_core,core
r978,187,1.0,strict_core,core
r98,186,0.9946524064171123,softcore,core
r981,187,1.0,strict_core,core
r984,187,1.0,strict_core,core
r985,187,1.0,strict_core,core
r989,187,1.0,strict_core,core
r99,186,0.9946524064171123,softcore,core
r993,187,1.0,strict_core,core
r994,187,1.0,strict_core,core
r996,187,1.0,strict_core,core
